labeling,frm,to,dominant,reverse,n,p,bonferroni
induced,grammatical_function,perception_cognition,263,49,312,1.4747426267700116e-36,True
induced,locomotion_posture,perception_cognition,75,10,85,1.8582753310340622e-13,True
induced,object_handling,perception_cognition,78,12,90,5.202430003083186e-13,True
induced,speech_act,perception_cognition,76,12,88,1.567340030469408e-12,True
induced,person_reference,perception_cognition,71,10,81,1.799344170436706e-12,True
induced,person_reference,locomotion_posture,75,12,87,2.7135450099873087e-12,True
induced,bodily_violence,speech_act,38,1,39,1.4551915228366852e-10,True
induced,person_reference,object_handling,59,14,73,1.0136448982171495e-07,True
induced,transfer_possession,perception_cognition,49,11,60,7.561280982396751e-07,True
induced,bodily_violence,object_handling,34,6,40,8.364584573428147e-06,True
induced,contact_care,speech_act,28,4,32,1.9301194697618484e-05,True
induced,grammatical_function,transfer_possession,103,50,153,2.197460995251884e-05,True
induced,contact_care,perception_cognition,16,0,16,3.0517578125e-05,True
induced,bodily_violence,grammatical_function,41,11,52,3.5887916129517805e-05,True
induced,property_damage,grammatical_function,40,11,51,5.703811637403078e-05,True
induced,property_damage,perception_cognition,13,0,13,0.000244140625,True
induced,bodily_violence,locomotion_posture,18,2,20,0.0004024505615234375,True
induced,person_reference,transfer_possession,26,6,32,0.0005350527353584766,True
induced,locomotion_posture,object_handling,76,40,116,0.0010650742732639185,False
induced,grammatical_function,procedural_operation,74,39,113,0.0012776253514487758,False
induced,bodily_violence,perception_cognition,10,0,10,0.001953125,False
induced,person_reference,procedural_operation,30,10,40,0.0022214337732293643,False
induced,grammatical_function,nonverbal_expression,28,9,37,0.0025632079923525453,False
induced,locomotion_posture,nonverbal_expression,12,1,13,0.00341796875,False
induced,person_reference,grammatical_function,512,428,940,0.006755054130141682,False
induced,ritual_observance,grammatical_function,23,8,31,0.010673840530216694,False
induced,grammatical_function,locomotion_posture,178,135,313,0.017457495615223032,False
induced,entity_noun,perception_cognition,11,2,13,0.0224609375,False
induced,property_damage,locomotion_posture,10,2,12,0.03857421875,False
induced,person_reference,nonverbal_expression,10,2,12,0.03857421875,False
induced,locomotion_posture,transfer_possession,34,19,53,0.053438810537711046,False
induced,person_reference,speech_act,80,60,140,0.10798762998355264,False
induced,transfer_possession,procedural_operation,14,6,20,0.11531829833984375,False
induced,quality_manner,grammatical_function,18,9,27,0.12207812070846558,False
induced,grammatical_function,object_handling,150,124,274,0.13081558922904254,False
induced,process_event,grammatical_function,15,7,22,0.13380050659179688,False
induced,contact_care,object_handling,12,5,17,0.143463134765625,False
induced,ritual_observance,object_handling,9,3,12,0.14599609375,False
induced,procedural_operation,perception_cognition,10,4,14,0.1795654296875,False
induced,locomotion_posture,speech_act,32,22,54,0.22032849417661093,False
induced,property_damage,object_handling,17,10,27,0.24778856337070465,False
induced,grammatical_function,entity_noun,27,19,46,0.3019956131896606,False
induced,object_handling,procedural_operation,16,10,26,0.32693958282470703,False
induced,speech_act,nonverbal_expression,18,12,30,0.36159460805356514,False
induced,speech_act,transfer_possession,16,11,27,0.44206833839416504,False
induced,object_handling,transfer_possession,65,56,121,0.46720710207696564,False
induced,person_reference,contact_care,12,8,20,0.5034446716308594,False
induced,perception_cognition,nonverbal_expression,15,11,26,0.557197093963623,False
induced,grammatical_function,speech_act,144,135,279,0.6320549588691031,False
induced,contact_care,grammatical_function,13,10,23,0.6776394844055176,False
induced,speech_act,entity_noun,7,5,12,0.7744140625,False
induced,procedural_operation,locomotion_posture,7,5,12,0.7744140625,False
induced,procedural_operation,speech_act,14,12,26,0.8450189828872681,False
induced,object_handling,speech_act,39,38,77,1.0,False
induced,object_handling,entity_noun,6,6,12,1.0,False
induced,person_reference,entity_noun,5,5,10,1.0,False
induced_violence_wide,grammatical_function,perception_cognition,262,49,311,2.4883909670753913e-36,True
induced_violence_wide,locomotion_posture,perception_cognition,75,10,85,1.8582753310340622e-13,True
induced_violence_wide,person_reference,perception_cognition,71,10,81,1.799344170436706e-12,True
induced_violence_wide,speech_act,perception_cognition,75,12,87,2.7135450099873087e-12,True
induced_violence_wide,object_handling,perception_cognition,72,12,84,1.3932285101509037e-11,True
induced_violence_wide,person_reference,locomotion_posture,70,12,82,4.1079115101301e-11,True
induced_violence_wide,bodily_violence,speech_act,53,11,64,1.0058579844832594e-07,True
induced_violence_wide,person_reference,object_handling,55,13,68,2.7465771122682156e-07,True
induced_violence_wide,transfer_possession,perception_cognition,49,11,60,7.561280982396751e-07,True
induced_violence_wide,bodily_violence,perception_cognition,21,0,21,9.5367431640625e-07,True
induced_violence_wide,contact_care,speech_act,28,4,32,1.9301194697618484e-05,True
induced_violence_wide,grammatical_function,transfer_possession,103,50,153,2.197460995251884e-05,True
induced_violence_wide,contact_care,perception_cognition,16,0,16,3.0517578125e-05,True
induced_violence_wide,property_damage,grammatical_function,35,9,44,0.00010604466626773501,True
induced_violence_wide,bodily_violence,object_handling,45,15,60,0.00013451408092849532,True
induced_violence_wide,locomotion_posture,object_handling,70,33,103,0.0003409978012869771,True
induced_violence_wide,person_reference,transfer_possession,26,6,32,0.0005350527353584766,True
induced_violence_wide,grammatical_function,procedural_operation,68,36,104,0.0022094328919877613,False
induced_violence_wide,grammatical_function,nonverbal_expression,28,9,37,0.0025632079923525453,False
induced_violence_wide,person_reference,procedural_operation,28,9,37,0.0025632079923525453,False
induced_violence_wide,person_reference,grammatical_function,512,428,940,0.006755054130141682,False
induced_violence_wide,ritual_observance,grammatical_function,23,8,31,0.010673840530216694,False
induced_violence_wide,locomotion_posture,nonverbal_expression,10,1,11,0.01171875,False
induced_violence_wide,person_reference,nonverbal_expression,10,1,11,0.01171875,False
induced_violence_wide,object_handling,procedural_operation,16,4,20,0.01181793212890625,False
induced_violence_wide,grammatical_function,locomotion_posture,176,134,310,0.019730806306848283,False
induced_violence_wide,entity_noun,perception_cognition,11,2,13,0.0224609375,False
induced_violence_wide,locomotion_posture,transfer_possession,34,18,52,0.03648340000835981,False
induced_violence_wide,transfer_possession,procedural_operation,13,4,17,0.049041748046875,False
induced_violence_wide,person_reference,bodily_violence,14,6,20,0.11531829833984375,False
induced_violence_wide,contact_care,object_handling,11,4,15,0.11846923828124999,False
induced_violence_wide,bodily_violence,locomotion_posture,22,12,34,0.12144948495551944,False
induced_violence_wide,quality_manner,grammatical_function,18,9,27,0.12207812070846558,False
induced_violence_wide,locomotion_posture,speech_act,32,20,52,0.12634707581392135,False
induced_violence_wide,person_reference,speech_act,79,60,139,0.1265229449726362,False
induced_violence_wide,bodily_violence,grammatical_function,65,48,113,0.13192429082426044,False
induced_violence_wide,process_event,grammatical_function,15,7,22,0.13380050659179688,False
induced_violence_wide,ritual_observance,object_handling,9,3,12,0.14599609375,False
induced_violence_wide,speech_act,nonverbal_expression,18,10,28,0.1849333420395851,False
induced_violence_wide,grammatical_function,object_handling,129,110,239,0.24423531796411047,False
induced_violence_wide,bodily_violence,transfer_possession,9,4,13,0.266845703125,False
induced_violence_wide,procedural_operation,perception_cognition,9,4,13,0.266845703125,False
induced_violence_wide,grammatical_function,entity_noun,27,19,46,0.3019956131896606,False
induced_violence_wide,speech_act,transfer_possession,16,11,27,0.44206833839416504,False
induced_violence_wide,person_reference,contact_care,12,8,20,0.5034446716308594,False
induced_violence_wide,object_handling,transfer_possession,64,56,120,0.5229909838899941,False
induced_violence_wide,perception_cognition,nonverbal_expression,15,11,26,0.557197093963623,False
induced_violence_wide,speech_act,object_handling,34,29,63,0.6146550157654618,False
induced_violence_wide,contact_care,grammatical_function,13,10,23,0.6776394844055176,False
induced_violence_wide,procedural_operation,locomotion_posture,7,5,12,0.7744140625,False
induced_violence_wide,speech_act,entity_noun,7,5,12,0.7744140625,False
induced_violence_wide,grammatical_function,speech_act,139,134,273,0.8087638468604965,False
induced_violence_wide,property_damage,object_handling,12,10,22,0.8318119049072266,False
induced_violence_wide,person_reference,entity_noun,5,5,10,1.0,False
induced_violence_wide,entity_noun,object_handling,6,5,11,1.0,False
induced_violence_wide,speech_act,procedural_operation,8,7,15,1.0,False
wordnet,unassigned,possession,210,45,255,1.1600528482828969e-26,True
wordnet,unassigned,perception,133,21,154,4.215322229503845e-21,True
wordnet,unassigned,motion,252,124,376,3.766088581438648e-11,True
wordnet,unassigned,change,97,30,127,1.984553317143075e-09,True
wordnet,contact,change,59,12,71,1.3477668518977772e-08,True
wordnet,contact,perception,48,9,57,1.5201952291432616e-07,True
wordnet,perception,possession,41,6,47,1.7716986633331544e-07,True
wordnet,communication,change,30,2,32,2.4633482098579407e-07,True
wordnet,contact,possession,88,32,120,3.1810603170370786e-07,True
wordnet,communication,possession,50,12,62,1.2143807700186297e-06,True
wordnet,contact,stative,52,14,66,2.8220182313622557e-06,True
wordnet,unassigned,body,37,7,44,5.299581744111492e-06,True
wordnet,stative,perception,30,4,34,6.16488978266716e-06,True
wordnet,contact,communication,95,42,137,6.919784329991256e-06,True
wordnet,unassigned,cognition,27,4,31,3.39532271027565e-05,True
wordnet,unassigned,stative,131,72,203,4.174138482347011e-05,True
wordnet,motion,possession,63,25,88,6.270382771223793e-05,True
wordnet,contact,cognition,17,1,18,0.00014495849609375,True
wordnet,motion,change,27,8,35,0.0018782254774123432,False
wordnet,competition,communication,21,5,26,0.002493917942047119,False
wordnet,communication,perception,34,13,47,0.0030876764615186394,False
wordnet,stative,possession,40,17,57,0.0032015437674503813,False
wordnet,motion,communication,52,26,78,0.004334880883507413,False
wordnet,unassigned,creation,38,17,55,0.006455803109956635,False
wordnet,communication,cognition,10,1,11,0.01171875,False
wordnet,contact,motion,104,70,174,0.012138156118372998,False
wordnet,motion,perception,27,11,38,0.013852965261321515,False
wordnet,unassigned,social,37,18,55,0.014453833533827728,False
wordnet,cognition,possession,12,3,15,0.03515625,False
wordnet,stative,social,13,4,17,0.049041748046875,False
wordnet,communication,emotion,11,3,14,0.057373046875,False
wordnet,motion,body,9,2,11,0.0654296875,False
wordnet,stative,motion,19,9,28,0.08715855330228806,False
wordnet,contact,social,28,16,44,0.09614175442061423,False
wordnet,communication,unassigned,328,287,615,0.10667807319785248,False
wordnet,social,possession,18,9,27,0.12207812070846558,False
wordnet,communication,body,15,7,22,0.13380050659179688,False
wordnet,contact,creation,14,7,21,0.18924713134765625,False
wordnet,unassigned,emotion,25,16,41,0.21102359760880063,False
wordnet,unassigned,competition,12,6,18,0.237884521484375,False
wordnet,stative,change,7,3,10,0.34375,False
wordnet,unassigned,consumption,19,13,32,0.37708558747544885,False
wordnet,cognition,change,8,4,12,0.3876953125,False
wordnet,motion,social,15,10,25,0.42435622215270996,False
wordnet,perception,body,10,6,16,0.454498291015625,False
wordnet,unassigned,contact,180,167,347,0.5195089066864479,False
wordnet,perception,change,7,4,11,0.548828125,False
wordnet,social,communication,15,12,27,0.7011080384254456,False
wordnet,communication,stative,29,28,57,1.0,False
wordnet,possession,change,10,10,20,1.0,False
