fan,arm,checkpoint,cells,js,fall,rise,faller_share
method,dpo,ContextualAI/archangel_sft-dpo_pythia2-8b,2182,0.003046287906721946,0.0,0.5357470210815766,0.0
method,kto,ContextualAI/archangel_sft-kto_pythia2-8b,2182,0.004814164313252285,0.0018331805682859762,0.9734188817598534,0.0018796992481203006
method,ppo,ContextualAI/archangel_sft-ppo_pythia2-8b,2182,0.0019282690273389495,0.0,0.7135655362053163,0.0
method,slic,ContextualAI/archangel_sft-slic_pythia2-8b,2182,0.0037691956918111257,0.0,0.6888175985334556,0.0
data,full,allenai/Llama-3.1-Tulu-3-8B-SFT,2182,0.0651458275316188,5.626947754353804,9.88359303391384,0.3627821770476303
data,no-math,allenai/Llama-3.1-Tulu-3-8B-SFT-no-math-data,2182,0.05763676859277951,4.598991750687443,9.224564619615032,0.33269237144846336
data,no-persona,allenai/Llama-3.1-Tulu-3-8B-SFT-no-persona-data,2182,0.057236900446879214,4.522914757103575,9.182859761686526,0.3300006687621213
data,no-safety,allenai/Llama-3.1-Tulu-3-8B-SFT-no-safety-data,2182,0.05831617631514225,4.77910174152154,9.358386801099908,0.33804460580912865
data,no-wildchat,allenai/Llama-3.1-Tulu-3-8B-SFT-no-wildchat-data,2182,0.05843756496427438,4.8244729605866175,9.329055912007332,0.340867143736036
