word,proj,pos,log_freq_rank
abandon,0.1624081401599705,vv0,8.678291111758565
abandoned,0.19584763900777746,vvn,8.515191188745565
accept,0.20699397643807793,vv0,7.289610521451167
accepted,0.23222949373737622,vvn,7.996317231796746
accessed,0.19710218410016841,vvn,9.209840246934501
accused,0.14848692757769177,vvn,8.17103418920548
acknowledge,0.27361750339442503,vv0,8.236685322712457
acknowledged,0.23151941937039588,vvd,8.645586406184636
acknowledging,0.18504127627610673,vvg,9.05005424204284
acted,0.15071912158147535,vvn,8.82790796297859
activated,0.21254664894698702,vvn,9.49228099379885
add,0.12143436338049346,vv0,6.483107351457199
added,0.16629824213879854,vvd,7.306531398939505
adding,0.16155708514102268,vvg,7.635303886259415
address,0.23178520918386633,vv0,7.52131798019924
addressed,0.22249549836484764,vvn,8.226573474977114
addressing,0.16211354190109722,vvg,8.371242135931933
adjust,0.19843001133461108,vv0,8.392763113038061
adjusted,0.2011468986641141,vvn,8.778325928634482
administered,0.2287705369824965,vvn,8.650149418664864
admired,0.22559427313890362,vvd,9.1821466376054
admit,0.18741291846812674,vv0,7.8009820712577405
admitted,0.19344039970924493,vvd,8.377241230988792
adopt,0.2089847128050134,vv0,8.335671314792847
advise,0.24389344205343572,vv0,8.912338567117548
advised,0.23239575822541214,vvd,9.010791269515602
agree,0.23339370136692744,vv0,6.7912214627261855
agreed,0.20773683342470992,vvd,7.537430036586509
aimed,0.13521380468792865,vvn,8.21851757748959
air,0.09778216306371353,vv0,10.321177630266861
allow,0.18062859407091658,vv0,6.716594773520978
allowed,0.20168328162908844,vvn,7.167809184316444
amend,0.12852527765621924,vv0,9.635412009723266
amounted,0.20032539029506533,vvd,9.37143829231851
announced,0.24287524296949353,vvd,7.656337166430183
answered,0.1999812724964679,vvd,7.94873845481361
anticipate,0.18055297683878196,vv0,8.869679374733515
apologise,0.1598646440358013,vv0,11.211536548128285
apologize,0.1684588990299195,vv0,8.713253274320705
apologized,0.20500545956620875,vvd,9.200693994924377
appealed,0.21260600093340498,vvn,9.36426245424844
appeared,0.23223939571397606,vvd,7.105786129481271
applied,0.20794868573988823,vvn,7.988542982737695
apply,0.19519427695564723,vv0,7.58629630715272
appreciate,0.3032426339849462,vv0,7.658227526161352
approached,0.22355104713674262,vvd,8.285008895449879
approaching,0.18796741049852983,vvg,8.319229938632326
approve,0.12020146776536424,vv0,8.631592731724734
approved,0.2208428381986616,vvn,8.263848131368906
argue,0.11080613717817746,vv0,7.55171221535131
argued,0.20590930241052824,vvd,8.123261319121745
arrange,0.20772858285507603,vv0,8.569785641535407
arranged,0.226621839543843,vvn,8.55333223803211
arrested,0.1972332213536323,vvn,7.886457270977689
arrived,0.1588261465135825,vvd,7.5126175446745105
ask,0.11131045724163979,vv0,5.8888779583328805
asked,0.1439366026557299,vvd,5.723585101952381
asking,0.13302587769439145,vvg,7.00397413672268
assaulted,0.19480360852587386,vvn,9.536978699538377
assess,0.25161659949948606,vv0,8.07246736935477
assessed,0.22378591150578103,vvn,8.674367865788236
assign,0.13825052055595338,vv0,9.25674674479034
assisted,0.22351245845202847,vvn,9.443275825752862
assume,0.20140664482406162,vv0,7.718685495198466
assumed,0.23237189648681233,vvd,8.486940148245216
assured,0.2314079974454064,vvd,8.885440911707585
ate,0.08613006961795075,vvd,8.052614818815567
attached,0.2170745751086011,vvn,8.098338846189057
attacked,0.2083550102312815,vvn,8.56845648535378
attempted,0.22694681379065132,vvd,8.682877107057168
attend,0.21567311659872718,vv0,7.829232537543592
attended,0.21796556041978973,vvd,8.22282213081366
avoid,0.2249583229126248,vv0,7.036148493750536
avoided,0.21643594822759415,vvn,8.80492526261806
backed,0.1556266356042484,vvn,8.653296274408579
banged,0.17844678502826006,vvd,9.71522840307542
barked,0.1123479390509354,vvd,9.491073355339758
bathed,0.1176380750185199,vvn,9.603327958573235
beat,0.021252101589684474,vv0,7.644440761556566
became,0.16090148805253368,vvd,6.037870919922137
become,0.1896774702508154,vv0,6.013715156042802
beg,0.04355678962267046,vv0,8.970813341411448
began,0.22632180860413437,vvd,5.811140992976701
begged,0.16496445130320747,vvd,9.200087995511831
begin,0.19948273582511605,vv0,6.380122536899765
believe,0.2507153267666738,vv0,5.5909869805108565
bellowed,0.10548504575651779,vvd,9.862353009177573
bent,0.04406309608484719,vvd,8.624072553043334
betray,0.05114666386215275,vv0,9.486759252149254
billed,0.13156209207663086,vvn,9.435881047890113
blamed,0.1099353035931312,vvn,9.031094081699155
blasted,0.08159781458251315,vvd,9.493336482437249
bled,0.11732275291573932,vvn,10.001702600033083
bleed,0.11258727748346561,vv0,9.461021266283481
blessed,0.20306168939039398,vvn,9.106977858981029
blew,0.024696864996356864,vvd,8.286017468404763
blinked,0.17264274727626053,vvd,8.878358040627822
blocked,0.17545119959922395,vvn,8.974111581113318
blow,0.05798001807765384,vv0,8.309922989258318
blushed,0.11193680019470333,vvd,9.747359919824648
boarded,0.16270048300265855,vvd,9.469777278987662
bolted,0.14791401827035427,vvn,9.75074421527093
booked,0.15088230905239,vvn,9.421573272264558
borrowed,0.18682216518158395,vvn,9.283869605264298
bought,0.09135417111323293,vvd,7.484368643286131
bowed,0.07387853785264048,vvd,9.24319470884713
braced,0.16286050187482468,vvd,9.784197131344804
bragged,0.13357035889276292,vvd,9.997433165378656
brandished,0.11636234365070985,vvd,10.41989755459602
breaking,0.12253153911794107,vvg,7.719573989259581
breathe,0.11866913097566012,vv0,8.350429973538136
breathed,0.19487425725205054,vvd,9.044049632254756
bring,0.1253319863544875,vv0,6.091309882077698
broke,0.039345933051956994,vvd,7.422971251049421
broken,0.1273952959146436,vvn,7.848153086199526
brought,0.13420609467185535,vvd,6.894670039433482
browsed,0.12532823473307164,vvd,10.675792433881902
brushed,0.1838904668146964,vvd,9.016876974763383
buckled,0.1585972128371916,vvn,10.132175704105688
build,0.08650891439227157,vv0,6.831953565565855
built,0.09069446180217892,vvn,7.023758954738443
buried,0.10851203748319238,vvn,8.159660737063376
burn,0.058623536731239795,vv0,8.268475388982598
burned,0.1700862642685887,vvn,8.435766192720509
bury,0.04473023538264368,vv0,9.031811613420924
buy,0.07261953552715751,vv0,6.424869023905388
calculate,0.1605174650593917,vv0,8.984693690443855
calculated,0.21045198861989015,vvn,8.703672758358856
call,0.05274052813523829,vv0,5.8805329864007
called,0.06849724655631881,vvn,5.666426688112432
came,0.09453815626406314,vvd,5.14166355650266
cancel,0.14137141444417248,vv0,9.090880931938855
captioned,0.19535371844798372,vvn,10.802835563679972
captured,0.2268170832729349,vvn,8.406038142050075
caress,0.07661985747281716,vv0,10.150425752416055
caressed,0.09353849233413221,vvd,10.175116459665661
carried,0.12419452363816806,vvd,7.853993087224244
carry,0.13339892641588205,vv0,7.126087273299125
carve,0.07977849786073532,vv0,9.280332743796217
carved,0.11329426883897475,vvn,8.918650278126863
cashed,0.16871479481097088,vvd,10.191931834432474
cast,0.05785242131374811,vv0,8.364042011922063
catch,0.11283292890868327,vv0,7.479299637782834
catching,0.13443980857173596,vvg,8.460834457746854
caught,0.13427060442021133,vvn,7.407924322559599
caused,0.2105062872656418,vvn,7.687538766201629
cautioned,0.22567408214524864,vvd,9.656499466411903
celebrate,0.2681484045289035,vv0,8.249313746260636
challenged,0.21369762794601266,vvn,8.658692753689937
changed,0.1698570892967372,vvn,7.017506142941256
chanted,0.1998307855151671,vvd,9.81230384711351
charged,0.19415039785885635,vvn,7.772752716468742
chased,0.0888484452855827,vvd,9.403766708502243
chatted,0.17563510693571965,vvd,9.692766521220475
cheat,0.0552226477087093,vv0,9.279306576440906
check,0.14763607306593168,vv0,7.183111701743281
checked,0.19018791563236354,vvd,8.429672593886743
cheered,0.1947977139114243,vvd,9.50159106930499
chewed,0.10351438865765551,vvd,9.561490079872078
choke,0.04396800035048318,vv0,9.555843138911664
choked,0.12185903547653512,vvd,9.626217750431657
choose,0.17543477878462,vv0,7.172424577124845
chose,0.1496984234707384,vvd,7.714677473800927
chuckled,0.14903627545412626,vvd,9.199784858036667
circled,0.14979782073144277,vvd,9.258273025731485
cite,0.11876462906844823,vv0,9.025816391627028
claimed,0.20984607334933117,vvd,8.018954683155718
clapped,0.13418096737899082,vvd,9.531481398171628
clarify,0.17128029415405963,vv0,8.923324744067562
clasped,0.08395402837677575,vvd,9.787346917401315
cleaned,0.18613782568234571,vvn,9.058004710672485
cleared,0.18083595887218507,vvd,8.760453046315272
clenched,0.11495765339286794,vvd,9.675959402904095
clicked,0.18244581193012432,vvd,9.219696466900208
climb,0.14994921466723127,vv0,8.283999304248526
climbed,0.18743307577245022,vvd,8.282230063296685
clipped,0.0984013920168248,vvn,9.809231816610408
closed,0.13466447838493362,vvd,7.630946580890459
clung,0.05168661934729828,vvd,9.569342605674006
clutched,0.09709395482443103,vvd,9.47039427731049
cocked,0.17257014906572604,vvd,9.538420349034803
collapsed,0.21895994183692216,vvn,8.931948346431495
collect,0.1630665183246228,vv0,8.133000218583613
collected,0.2202436427624158,vvn,8.151333337900432
combine,0.18934804516634765,vv0,8.03398273468322
come,0.11214084793656713,vv0,4.969813299576001
commanded,0.20763958393301873,vvd,9.361944956108077
commented,0.2106019052028251,vvd,9.119101891541911
commit,0.09240264391054663,vv0,8.313116702819253
committed,0.2143798221465667,vvn,7.781138509845015
communicate,0.17034589859262037,vv0,8.22817689595132
compare,0.24185126972655677,vv0,8.0519780789023
compared,0.23390080742513772,vvn,7.141245122350491
complain,0.18089485449138276,vv0,8.453401058328458
complained,0.20641423451433522,vvd,8.442685139241176
completed,0.2229569650243624,vvn,7.989899374942939
comply,0.15431041649348032,vv0,8.82585367025321
concealed,0.16518750964744205,vvn,9.55824698622306
concede,0.18957392203541282,vv0,9.199582715323222
conclude,0.2517552770530015,vv0,8.564267598802166
concluded,0.24284427898069252,vvd,8.181440695719374
conduct,0.18823015881459076,vv0,8.246171559857563
conducted,0.21054707302564996,vvn,7.691200097522863
confess,0.1904100465791867,vv0,9.053101595549691
confessed,0.2084538688195053,vvd,9.117457244496126
confirm,0.24858203222450248,vv0,8.483429561263428
confirmed,0.23474654250995222,vvn,8.503905297089302
confront,0.1518570225453635,vv0,8.55756708555451
confronted,0.21680680634316585,vvn,8.846928500099018
connect,0.18769411178738554,vv0,8.310169021981912
connected,0.18655476890009337,vvn,8.04012466444838
consider,0.2946320221755955,vv0,6.672032945461067
considered,0.3052262369810036,vvn,6.827629234502852
constituted,0.21907721979484332,vvd,9.351492651732066
consult,0.18832872866942768,vv0,8.903407519932264
contacted,0.218255742999442,vvd,9.163563180417254
contemplated,0.22524004972551495,vvd,9.83649268371185
continue,0.26949573394522885,vv0,6.376726947898627
continued,0.2637540481722954,vvd,7.215239978730097
convulse,0.1563797997321799,vv0,10.962336314087443
cook,0.062469847416473975,vv0,7.745435610274381
cooked,0.18032749243938542,vvn,8.9001399880938
copied,0.22257992354874082,vvn,9.582868979838082
count,0.1064319050791691,vv0,7.89989532313973
counted,0.17766643909798485,vvn,8.688959234270676
cover,0.14631155224828654,vv0,7.207118856207756
covered,0.15619157762379887,vvn,7.538494999413465
cracked,0.17495755506302213,vvd,9.23200401161221
cradled,0.1473579535287492,vvd,10.035217323214022
crashed,0.17130777996771634,vvd,8.861350110795998
crawl,0.12316596128428767,vv0,9.092907275084087
crawled,0.1910757041179426,vvd,9.376786579611847
create,0.21163371549861865,vv0,6.535241271013659
created,0.22014152797534312,vvn,7.1853870155804165
crept,0.05242031717246132,vvd,9.268514936027255
cried,0.15637627202492235,vvd,8.106514516255185
cringed,0.20337548559901586,vvd,10.09295021748145
crossed,0.16617825112436593,vvd,8.316789127071518
crouched,0.11736989616117904,vvd,9.568923494184217
crumble,0.11972250136168683,vv0,9.627272811525241
crumple,0.1427702116441154,vv0,10.590163841965762
crushed,0.1912806130762508,vvn,9.120853205474647
cry,0.09035707235306077,vv0,8.136810863675537
cuddled,0.15656809900238428,vvd,10.612975492684125
cuffed,0.1978521726491275,vvd,10.31860591767243
cupped,0.09776879715340359,vvn,10.10659164851261
curled,0.14838952922626097,vvd,9.334503014596605
cursed,0.19073151906300354,vvd,9.547598014371232
cut,0.02833243233946947,vv0,6.520621127558696
damaged,0.21217822258744612,vvn,8.608495349823023
danced,0.15655248733673316,vvd,9.195226734166134
dangled,0.1417975577205338,vvd,10.016905519571685
darted,0.15702872893505118,vvd,9.549166977751137
dashed,0.08215958228035346,vvd,9.669093450449063
dated,0.19945631658370586,vvn,9.074864232413733
decide,0.21203786306179812,vv0,7.319202458767849
decided,0.22894609913236624,vvd,6.863803391452954
declare,0.2042796798988044,vv0,8.81877816903701
declared,0.21339415488720265,vvd,8.228710798793687
declined,0.22502694443866228,vvd,8.355379895253634
decorated,0.21101871489088264,vvn,8.942330199321866
dedicated,0.19286994084934156,vvn,8.57772369115627
deduct,0.0816830125344544,vv0,9.839002363309719
defaced,0.23005433150163182,vvn,10.720156824378703
defecated,0.2301697164356086,vvd,11.061154603985553
defend,0.19195183033114108,vv0,7.999342952713282
defiled,0.23513943895782097,vvn,10.793393240465571
delete,0.14125004133046914,vv0,9.759039648170255
deleted,0.20189649218702715,vvn,9.64523482410835
deliver,0.1615088371293485,vv0,7.947325027016463
delivered,0.1938633708748832,vvn,8.321421586897879
demanded,0.2258541641567094,vvd,8.371936178759098
demanding,0.17334607200582208,vvg,8.235625719964311
demonstrate,0.1704475750448006,vv0,8.035602692918582
demonstrated,0.23006824830524875,vvn,8.403800504061147
demonstrates,0.16841915943776292,vvz,8.682029433869172
denied,0.17990151635544221,vvn,8.39660622842712
deny,0.07882974081793169,vv0,8.21959545417708
departed,0.18394706493369103,vvd,9.5569750810205
departing,0.1445154531170232,vvg,9.503457646917903
deposited,0.20706451927438826,vvn,9.494165014100659
descended,0.20982612313971882,vvn,9.307285578032662
described,0.25492249049684906,vvn,7.463936604468925
desecrated,0.21323074626558347,vvn,10.852439066649831
destroy,0.1606902825018283,vv0,8.104401307921613
destroyed,0.19322518803310443,vvn,8.253227645581772
determine,0.2863458046217756,vv0,7.218176838403408
determined,0.23779843431167783,vvn,7.60489448081162
develop,0.22845237431786614,vv0,6.966024187106113
dialed,0.11282099063652062,vvd,9.651172623921639
die,0.10274793552129685,vv0,6.928537818164665
died,0.14277786271462,vvd,6.660575149839686
dig,0.07601599262329127,vv0,8.506132244056813
dipped,0.09769992176323207,vvn,9.554426407074502
directed,0.2059013606861896,vvn,8.07558263667172
disagree,0.22758594617850297,vv0,8.178358165605836
disappear,0.19638111648760193,vv0,8.37516869138682
disappeared,0.2053121113976862,vvd,8.217978203150732
disappearing,0.16162965978780042,vvg,8.962263554116761
discarded,0.2059324007740682,vvn,9.4776156346503
disclose,0.17730972033701847,vv0,9.032886946579088
disconnected,0.2278931834250992,vvd,9.952896572793671
discovered,0.2997029467700464,vvd,7.660114319173928
discuss,0.2715010504865245,vv0,7.528869256642251
discussed,0.22868515142517218,vvn,7.997326822998097
dismiss,0.10412337048329344,vv0,8.935903526274423
displayed,0.20026075993624412,vvn,8.714567550836485
disposed,0.20997717285341627,vvn,9.583420019940192
distributed,0.2026764509772259,vvn,8.496378051702317
divided,0.19844061009282718,vvn,8.146419323098003
documented,0.21608631567835532,vvn,8.758726607842037
don,0.06578207589522056,vv0,9.223552703448318
donate,0.13123617831663806,vv0,9.115480090952223
donated,0.19441340316074807,vvn,9.209039526243135
downed,0.16331256326323196,vvd,9.928667851066427
downloaded,0.2022263000399387,vvn,9.978687785099064
drag,0.06669530253352343,vv0,8.365905077202456
dragged,0.12752518932829113,vvd,8.879889967673464
drained,0.1425207643564449,vvd,9.350015354048665
drank,0.10114260895967972,vvd,8.492490578775866
draped,0.182178325379194,vvn,9.304559047215164
draw,0.11589249653435632,vv0,7.584264818389059
dreamed,0.1898721855601611,vvd,9.06958293425992
dressed,0.17768622423705904,vvn,7.734558844354756
drew,0.09056583221627228,vvd,7.777373602657861
drifted,0.17844242972819063,vvd,8.928375259853631
drink,0.14861800805062966,vv0,7.821643126239982
drive,0.11527868988542633,vv0,7.237059026124737
driving,0.15672907830274457,vvg,7.1592919047975645
drop,0.06107059859900495,vv0,7.66105638236183
dropped,0.09493099424727716,vvd,7.723120092266331
dropping,0.08788961393590909,vvg,8.270269111436624
drove,0.04291703429447735,vvd,7.581209826196346
drown,0.006050763161030086,vv0,9.309733115854218
drowned,0.09793220330773882,vvn,9.434842999328023
ducked,0.06828494371523017,vvd,9.380420642347783
dug,0.05481728082900446,vvd,8.801619971147346
dumped,0.09006832208794473,vvn,9.2057297594185
dusted,0.0642480370086769,vvn,10.0731881321402
earned,0.1993289653569956,vvd,8.23323750070527
eased,0.08914709067268815,vvd,9.171807422259398
eat,0.1401405003613031,vv0,6.760414691083428
eliminate,0.16924338952304804,vv0,8.16876982367527
embrace,0.13030981542467346,vv0,8.527143522269405
embraced,0.1785307864046224,vvn,9.063926353520646
emerged,0.23221434084403586,vvd,8.094073148069352
emphasize,0.19057678029606773,vv0,8.419359831067474
emphasized,0.20045171194731154,vvd,8.87640491500694
emptied,0.1881751997804426,vvd,9.702472353294919
encourage,0.2877750003035367,vv0,7.725330037917135
encouraged,0.22521600352867555,vvn,8.250358951477294
ended,0.17447990463806845,vvd,7.597897950521784
engage,0.216567606475308,vv0,7.930206206684683
engaged,0.2251784130145919,vvn,8.027802848370312
engraved,0.22464502704527897,vvn,9.851193757814993
enjoy,0.2633710219990893,vv0,7.366445148327599
enjoyed,0.2661367113958311,vvd,8.264620829411216
ensure,0.26208492268233313,vv0,7.642524134232902
ensured,0.22991301917437326,vvd,9.744843459096531
enter,0.12471163862449643,vv0,7.516977224604321
entered,0.20641161973491387,vvd,7.859026979751538
entering,0.13076539329889814,vvg,8.101677747454572
erased,0.10354544567268428,vvn,9.669030241321645
erected,0.19483339696033225,vvn,9.423271958213975
escalate,0.14681692469558613,vv0,9.660205067381032
escape,0.18085794529437738,vv0,8.077136638538454
escaped,0.21287376139447514,vvn,9.028458718410613
escorted,0.1907967500520007,vvn,9.674263049655917
established,0.2764157522202004,vvn,7.684783943522785
evaluate,0.15717705019368527,vv0,8.2960476427647
evict,0.07085347491884834,vv0,10.27821850127443
examine,0.28822308842474154,vv0,7.833203948641057
examined,0.23401213531177475,vvn,8.394347361417392
exchanged,0.20754412554905435,vvd,9.281916570465405
exclaimed,0.22807802433231447,vvd,9.104535313079205
execute,0.13979702681898168,vv0,9.168267595554275
exhaled,0.18269942403244555,vvd,9.795735290041899
exited,0.19933741267079233,vvd,9.824877151954217
exiting,0.1431743590635109,vvg,9.788413344690662
expect,0.2302536822037851,vv0,6.796823718274855
expected,0.25848687051414654,vvn,6.963189985870238
explain,0.22652906366459635,vv0,6.994849985833071
explained,0.21857122282481875,vvd,7.707512194600341
explode,0.11454448639842642,vv0,9.04735074348172
explore,0.29445647709740214,vv0,7.914252278742441
exposed,0.22593302633583878,vvn,8.173575486634153
express,0.22046387549848476,vv0,8.045588280803528
expressed,0.2260860314643633,vvn,8.12533508671429
extinguished,0.16018390462615043,vvn,10.03289168974739
extracted,0.2193462144333378,vvn,9.479833015227753
eyed,0.1522961575562788,vvd,9.373818840968658
faced,0.20025803296051276,vvn,8.192847134592865
failed,0.16530987488585458,vvd,7.759614150696903
fallen,0.09798848820620398,vvn,7.974188669286011
falsified,0.21662141591257522,vvd,10.607797200302183
fastened,0.21413392838715506,vvn,9.758692967632895
faxed,0.17955710835172117,vvd,10.360215954581834
fed,0.062241326962939436,vvn,8.277920258172143
feed,0.11928717170183271,vv0,8.041091003708633
feel,0.1874053255478489,vv0,5.497168225293202
fell,0.0898532566022525,vvd,6.951772164398911
felt,0.1735711592114766,vvd,5.932245187448011
fight,0.12189868149658684,vv0,7.334981878871814
figured,0.20129759557316856,vvd,8.203851372183879
filed,0.19769785705232604,vvn,8.312135107648412
fill,0.09924557610047104,vv0,7.569927655242652
filled,0.1681640087797824,vvn,7.441906728051625
filmed,0.21008271684418628,vvn,9.485848643496254
find,0.21673732775867405,vv0,5.19295685089021
finds,0.13717330174580925,vvz,7.665753431861699
finish,0.13420512452995925,vv0,7.824845691026856
finished,0.13631996630006316,vvn,7.841099765422119
finishing,0.12893392522853858,vvg,8.560827228436299
fired,0.1710038231252455,vvn,8.148734808937169
fished,0.1759653349669149,vvd,9.632859234650175
fix,0.14863976407905016,vv0,8.045908742270779
flashed,0.190029099596282,vvd,8.862341963516347
fled,0.11052506302452311,vvd,8.803724602110622
flee,0.05378571360846321,vv0,9.041685005946043
fleeing,0.11867194307469632,vvg,9.044639916198465
flew,0.02973813061070545,vvd,8.11312710422178
flicked,0.10312944766923857,vvd,9.60723552940128
flipped,0.11566934598266768,vvd,9.080003870248179
flopped,0.12058167553052732,vvd,9.773435813175855
flung,0.017220356182756462,vvd,9.348361669873558
flushed,0.08475834794774655,vvn,9.60951909544164
fly,0.10979488655234723,vv0,7.731492029245684
focused,0.2052757281937766,vvn,7.6511201757027
folded,0.17357317896459068,vvn,8.854950316500325
follow,0.2199365019068434,vv0,6.8658910748834385
followed,0.21845501238118675,vvd,7.395107546562485
fondle,0.08615393491659827,vv0,10.662516102209587
fondled,0.1424936529530461,vvd,10.607698305452052
forced,0.15322664706619368,vvn,7.5310163320779155
forged,0.12931515144841912,vvn,9.497997444115459
forget,0.17055932875531474,vv0,7.217443431696533
forgive,0.12201127182272994,vv0,8.494333897270154
forgot,0.019971811823811924,vvd,8.453827315794417
forwarded,0.18485144904832967,vvn,10.033023473885162
fought,0.06145480777522764,vvd,8.279697133877628
found,0.2343902749552888,vvd,5.733341276897746
frowned,0.1157572202954798,vvd,8.797397374012059
froze,0.09611193565828086,vvd,9.109082539901955
fuck,0.0793686848234493,vv0,8.735364401103888
fucked,0.09305076915361765,vvd,9.924514919728203
fumbled,0.19261047176149598,vvd,9.725795264125836
gained,0.18862272723078533,vvn,8.496582237512113
gasped,0.07864212083691478,vvd,9.166179476190413
gather,0.12214631528334308,vv0,8.106212902619962
gathered,0.20229495077127263,vvn,8.258681496264236
gave,0.08245388485096541,vvd,6.0473721790462776
gazed,0.1710712841476769,vvd,8.939449862164238
gestured,0.14532827370794427,vvd,9.172430798902962
get,0.021984067096663742,vv0,4.406719247264253
getting,0.06655793218597497,vvg,5.676753802268282
giggled,0.13033625590615636,vvd,9.519294579703503
give,0.1079470427922588,vv0,5.342334251964811
given,0.14205691666883993,vvn,5.998936561946683
glanced,0.16947052167222534,vvd,8.053887083618223
glancing,0.1462216243376542,vvg,9.034318927730707
glared,0.14418740459765617,vvd,9.202610573914242
glued,0.14397974153460075,vvn,9.509036565691064
go,0.010548043927544788,vv0,4.624972813284271
goes,0.012005631672573916,vvz,6.234410725718371
going,0.08719815925882325,vvg,4.442651256490317
gone,0.08377054509096844,vvn,6.102558594613569
got,-0.04871643989801516,vvd,5.1647859739235145
grab,0.08844798773174242,vv0,8.246958032568177
grabbed,0.10744984267686264,vvd,8.10892415597534
grabbing,0.14542252741241124,vvg,8.948455992345542
grasped,0.11713021369257612,vvd,9.562756258994531
greeted,0.19172212212911136,vvd,9.11679862756782
grew,0.027901596786363243,vvd,7.035268599281097
grimaced,0.1673115977261879,vvd,9.742203154807973
grind,0.08382393402121856,vv0,9.436280010592395
grinned,0.16267210179943545,vvd,8.683554728631462
gripped,0.13281696638228102,vvd,9.28637505825218
groaned,0.2023690102126353,vvd,9.344958673700944
groped,0.08460285623162078,vvd,10.01926858552184
grow,0.15809728489243918,vv0,7.050122520269059
growled,0.16394461479560576,vvd,9.440499258184298
grumbled,0.2031747114841274,vvd,9.639001037687535
grunted,0.17342036970881647,vvd,9.486910939673246
guess,0.13379164592357579,vv0,6.678342114654332
guided,0.22175948281360902,vvn,9.060911858484253
gulped,0.08188024648420829,vvd,9.943092807128487
hacked,0.08300379794594982,vvn,9.992047729515608
hammered,0.18899787712613347,vvn,9.700452954144632
handcuffed,0.2145330925041642,vvn,10.001974499250782
handed,0.15531595270333665,vvd,8.241966560231802
handing,0.08896510766397757,vvg,8.899730794880696
handle,0.18009660207322248,vv0,7.628031126930335
hang,0.07479857222437472,vv0,7.7752758464868625
happened,0.17261284196854226,vvd,6.371611847231857
hate,0.09828294734756984,vv0,7.749753406274437
hauled,0.11820246423192513,vvd,9.451716691551452
headed,0.15573556840805036,vvn,7.791935956938058
heading,0.09564148152231396,vvg,7.959625305098115
heal,0.0661187912155558,vv0,8.79133399330135
hear,0.1562441226112414,vv0,5.981414211254481
heard,0.20898568509167553,vvd,6.555356891810665
heaved,0.12838433070518465,vvd,9.693506987748199
held,0.13521699936638876,vvd,6.80903930604298
help,0.16435860838685523,vv0,5.44673737166631
helped,0.1761491913059801,vvd,7.262628600974241
hesitated,0.21546905552759382,vvd,8.830396801098097
hid,0.04007001372942845,vvd,8.892336539638013
hide,0.06183530115339313,vv0,7.958576903813898
highlighted,0.20828921072660278,vvn,9.312896960301275
highlights,0.13326677895235967,vvz,8.944811104165534
hire,0.07458483119636762,vv0,8.240121298076472
hired,0.11835226992211875,vvn,8.343077871169383
hissed,0.10956735077173133,vvd,9.39091039573133
hit,0.01976227812603548,vvd,7.0825485693553
hoisted,0.08097713846877562,vvd,9.905984432734716
hold,0.10505457377504153,vv0,6.470799503782602
honored,0.20539514523967722,vvn,9.03455739202181
hooked,0.15218011686293031,vvn,8.812099108957337
hope,0.17585149303975187,vv0,6.638567789166521
hoped,0.19661168625761785,vvd,8.191463051326927
hopped,0.1682350851992977,vvd,9.596078849900314
hugged,0.12494129802329038,vvd,9.061956366209925
hummed,0.12036552701647257,vvd,9.741497894714092
hung,0.04016302193043644,vvd,8.14351740579748
hurled,0.11905711904419046,vvd,9.801177933711559
hurried,0.11913380946818627,vvd,8.946244609330543
hurrying,0.11824818554003176,vvg,9.571783927990017
hurt,0.07757011186175006,vv0,7.763871287820222
identified,0.2794600905672946,vvn,7.417580402414544
ignore,0.21226099438573043,vv0,8.101071503119543
ignored,0.23343236130100672,vvn,8.501267040865978
illustrates,0.1742133982941158,vvz,8.780941113572387
imagine,0.26794426943833516,vv0,7.037027614686276
imagined,0.2416243994605012,vvd,8.517793011488205
implement,0.25754072290701346,vv0,8.450839690866216
implied,0.2326939759988863,vvd,9.399223686605279
implies,0.14640642259165493,vvz,8.652947112393857
impose,0.17399586526663446,vv0,8.55429627936774
improve,0.24560469957573144,vv0,7.256297239690681
include,0.2160630927013361,vv0,6.338594078203183
included,0.23263212185803722,vvd,7.284134806195205
includes,0.22306468407312005,vvz,7.046647277848756
increase,0.22911693301679684,vv0,7.192182058713246
indicated,0.23034545263850853,vvd,7.807916628926408
indicates,0.1868824866692547,vvz,8.033334015880062
inform,0.20596708882027226,vv0,8.656433258507741
informed,0.2363187222675198,vvn,8.522180732927277
inhaled,0.18977950588458126,vvd,9.7313341246578
initialed,0.2036726080840695,vvd,10.849201155083453
initiate,0.16659987535201737,vv0,9.05893591781695
injected,0.2129106498948095,vvn,9.52083524249312
injured,0.15836528199661942,vvn,8.610136937058975
inquired,0.18078712074605124,vvd,9.56043370454936
inscribed,0.22242156861077278,vvn,9.479145388658274
inserted,0.19977205100126677,vvn,9.133675287040697
insist,0.16506821361299673,vv0,8.372398606513004
insisted,0.20306983671267603,vvd,8.107418811719974
inspect,0.20202092327095098,vv0,9.210040326967182
inspected,0.20751987012236994,vvn,9.73139351589761
installed,0.18601085949261284,vvn,8.607582191143917
instructed,0.1990362946521204,vvn,9.103756886573398
insulted,0.2111358990973828,vvn,9.770127573790836
intend,0.2320569200165093,vv0,8.648221453822641
intervene,0.172141744569941,vv0,8.966994113344454
introduce,0.2190175900250396,vv0,8.269244521183056
introduced,0.23974868514523562,vvn,7.993619994827744
invest,0.16118924163239945,vv0,8.259199362666282
invested,0.2020582207635805,vvn,8.71292443512011
investigate,0.18425879927012545,vv0,8.222285073872717
invite,0.20032523209198935,vv0,8.561210076833012
invited,0.22753362057596485,vvn,8.267448958304849
invoked,0.20732526762907302,vvn,9.579348943073732
involve,0.22918121249821916,vv0,8.0861025356691
issued,0.20888246392343846,vvn,8.399535147948004
jabbed,0.0628174827682332,vvd,10.035348801246425
jack,0.04345618805687014,vv0,9.834351813701266
jammed,0.10972823595921964,vvn,9.237177025929743
jerked,0.10166102595679324,vvd,9.218407743053941
join,0.17066773567118437,vv0,7.257002707092073
joined,0.19375926138362565,vvd,7.7142311448490855
joining,0.1424478421321227,vvg,7.426549072397305
joked,0.08374308887169604,vvd,9.293577970546238
jump,0.06674444234183471,vv0,8.067149039910106
jumped,0.14560761163252514,vvd,8.074960359115858
keep,0.10280546301821701,vv0,5.459585514144159
kept,0.11116831940090806,vvd,6.799055862058796
kick,0.01147437846333327,vv0,8.444622498581403
kicked,0.07337695304038094,vvd,8.637993891561942
kill,0.06081643228505313,vv0,6.97166860472579
killed,0.09470348437219803,vvn,7.075808863978387
kissed,0.09770170365149765,vvd,8.5814816812986
kneeled,0.17449305864898232,vvd,10.367001418750867
knelt,0.04378650019083051,vvd,9.176680170483548
knew,0.16279602128595036,vvd,5.598421958998375
knock,0.054251771225083,vv0,8.601718146485926
knocked,0.1728894822651429,vvd,8.645938147306799
know,0.16201186715556104,vv0,4.219507705176107
laid,0.022616882980718706,vvn,8.14060704285845
landed,0.17313472506528582,vvd,8.604104563405533
lash,0.06990031668204086,vv0,10.063819091438468
laugh,0.13912640202841428,vv0,7.991592282068092
laughed,0.16507736800263667,vvd,7.660585461703256
launch,0.12927983262063897,vv0,8.456593569287309
launched,0.18860816387280024,vvd,8.42989086301344
lay,-0.027506971286883265,vvd,7.641564441260972
lead,0.12075419362306082,vv0,6.893656354602635
leaned,0.17956052551040586,vvd,8.024534871605695
leaning,0.12703019823552752,vvg,8.323851131338817
leaped,0.07080062925257256,vvd,9.278279354984376
leapt,0.04843583805430785,vvd,9.415564321987441
learn,0.20663620664378307,vv0,6.431331081933479
learned,0.20223054656484163,vvd,7.326465613840322
leave,0.1637108705021679,vv0,6.154858094016418
leaving,0.15349753177534614,vvg,6.86171134048073
led,0.12010521797215498,vvn,7.170888478512505
left,0.12811059786232343,vvd,6.2285110035911835
let,0.0335491613645732,vv0,5.402677381872279
letting,0.06234797053689018,vvg,7.903226808730733
lick,0.05078785897421942,vv0,9.617603862025726
licked,0.07771943917701327,vvd,9.52617248784431
lie,0.04038348345241523,vv0,7.669961995473577
lied,0.05502750762582656,vvd,8.80071662871916
lift,0.0655481793521228,vv0,8.153349757998892
lifted,0.18026855915482803,vvd,8.152774052744075
listed,0.17723188560780495,vvn,8.27664912542186
listen,0.16884088965289576,vv0,6.899723107284872
listened,0.1988826850817194,vvd,8.313852267398207
lit,0.029955098283479465,vvd,8.731013415269564
live,0.116803975612471,vv0,6.016157159698354
lived,0.14986772147576277,vvd,7.2399325913204695
living,0.1468003478087474,vvg,6.546785410760524
loaded,0.17219565256794445,vvn,8.51699317141357
located,0.18866466738002624,vvn,7.826842098158293
locked,0.15772325172532506,vvn,8.338544879988579
locking,0.12210294731307952,vvg,9.283683766200392
logged,0.18507418298329903,vvn,9.853666857552172
look,0.10418525379414778,vv0,5.075173815233827
looked,0.1113623445376676,vvd,5.877735781779639
looking,0.14776996014335214,vvg,5.641907070938114
lose,0.05354395324611218,vv0,6.904750769961838
lost,0.10939586466456491,vvn,6.68586094706836
loved,0.18417812316036555,vvd,7.3777589082278725
lowered,0.18441485344976197,vvd,8.761550139129644
lunged,0.18422355590398987,vvd,9.831400613641227
made,0.21158764342942227,vvd,5.288267030694535
mailed,0.18569590404663014,vvn,9.360224821513475
maintain,0.23640970316051896,vv0,7.419979923661835
make,0.17574500866152137,vv0,4.672828834461906
managed,0.21349928002183866,vvd,8.016317898503415
marched,0.1783940620506642,vvd,9.181529290122063
marked,0.20492461592500721,vvn,8.225235324101668
marry,0.10795330122378341,vv0,8.127699852817772
marveled,0.19012542537890062,vvd,9.717579572206754
massaged,0.17565524668263816,vvd,10.264478170542462
masturbate,0.16578303651628779,vv0,10.442784008277814
means,0.17258732076560362,vvz,6.46302945692067
meant,0.1740920598129774,vvd,7.27931883541462
measured,0.21544445117232236,vvn,8.13622555490846
meditated,0.22409372556846835,vvd,10.646757342499283
meet,0.13687276080182068,vv0,6.373319789577012
melt,0.05117340257204897,vv0,8.857515151192198
mention,0.19604622732417556,vv0,7.783224016336037
mentioned,0.23404792895292753,vvd,7.912056888179006
met,0.09211704630558579,vvd,7.049254841255837
miss,0.11205075260934044,vv0,7.589335823170617
missed,0.16161963321957196,vvd,8.066521490469993
mixed,0.1879809867239539,vvn,8.34212526333359
moaned,0.20905808645024287,vvd,9.603462956885961
mocked,0.09139718304088887,vvd,9.93042155377621
monitored,0.21094789137408507,vvn,9.142275641062053
motioned,0.21900559606292333,vvd,9.626283724371975
mounted,0.17261260273245488,vvn,8.812248018197431
mourned,0.18535006359563888,vvd,10.103198696867215
move,0.09559245109348309,vv0,6.26530121273771
moved,0.11320456498300044,vvd,6.930494765951626
mumbled,0.19136722514892973,vvd,9.379154445411636
murdered,0.2046425276945721,vvn,8.709795057617749
murmured,0.19980129534723676,vvd,8.969160133175821
muttered,0.20021044552070755,vvd,8.784315349902657
nailed,0.16684051589976784,vvn,9.50962981746968
named,0.12035228012585077,vvn,7.437206366871292
navigated,0.20287043684316702,vvd,10.372365548494354
need,0.1602537717994704,vv0,5.225746673713202
needed,0.2238559259260823,vvd,6.806829360392176
neglected,0.18679936197510655,vvn,9.273409063443166
negotiate,0.16116064342973035,vv0,8.419800845407588
nestled,0.1443505510695134,vvd,9.483187955469509
nibbled,0.16015332733653265,vvd,10.224157008939576
nodded,0.09420560312051456,vvd,7.529406457837013
noted,0.20035978608291213,vvd,7.811163385025279
notice,0.2274203407695369,vv0,7.773594467360194
noticed,0.2853983299964894,vvd,7.862497197230545
noticing,0.1659131502946037,vvg,9.059401196410896
notify,0.1537927701249787,vv0,9.520175249069098
nudged,0.1500434466294171,vvd,9.669156655581341
nuzzled,0.1480170281267394,vvd,10.434174625397674
obey,0.08212002036169906,vv0,9.090091799380007
observed,0.2509353582667787,vvn,8.134760782418645
obtain,0.21565073437418797,vv0,8.166784289056151
occurred,0.15290683020000737,vvd,7.731053144007127
offer,0.17615595546070417,vv0,6.812345094177479
offered,0.20832707260905664,vvd,7.576097340623111
offering,0.20189677732328146,vvg,7.592870287844818
opened,0.1652177615493788,vvd,6.970730078143525
ordered,0.20434520892962924,vvd,8.073091199693154
ordering,0.13115874116600285,vvg,8.85352256068954
organize,0.16452578339516483,vv0,8.495152060539358
organized,0.2261598743856427,vvn,8.231908243564177
overturned,0.201082386539294,vvn,9.575400065449308
paced,0.20044086725294227,vvd,9.659375694785721
packed,0.17369968974079802,vvn,8.468002947225466
paid,0.06190279826045167,vvn,7.285506548522785
painted,0.19276986435406357,vvn,8.16763571524637
parked,0.15893538886407704,vvn,8.776630098427717
pass,0.06971412162818391,vv0,7.1284959456800365
passed,0.10779857812665741,vvd,7.370860166536716
pasted,0.17035433839250075,vvn,10.06279633502101
patted,0.1630476854258705,vvd,9.126850061477157
paused,0.18872684995953629,vvd,8.26796230533871
pausing,0.1317830070718231,vvg,9.418329675518715
pay,0.02337624773642087,vv0,6.16541785423142
peeked,0.1796826897853596,vvd,9.70880997353259
peeled,0.14143286225537555,vvn,8.890823576004383
peered,0.17652444870761314,vvd,8.949754525186103
perform,0.22947071080526543,vv0,7.65491704784832
performed,0.20980459373686225,vvn,8.016647877057803
phoned,0.1573978779474129,vvd,9.474318717728728
pick,0.07981874444934525,vv0,6.98933526597456
picked,0.10399084179718279,vvd,7.563719668414366
picking,0.11874639373976974,vvg,8.013674142832684
pinched,0.09862991831419758,vvd,9.844215141071057
pinned,0.17271392844070876,vvn,9.201602306032898
placed,0.11030642073378863,vvn,7.438383530044307
placing,0.11291440759049509,vvg,8.451694209183541
planned,0.1972858823205497,vvn,8.128290171607052
planted,0.2058162306380066,vvn,8.571113033405668
play,0.09949699962607686,vv0,6.07993319509559
played,0.11756458056424107,vvd,7.153833801578843
plead,0.07514419870629223,vv0,9.268986567408916
pleaded,0.2012461280258373,vvd,9.01371703047137
pledged,0.1410297033491312,vvd,9.3789010135201
plopped,0.10857601449066498,vvd,9.918179101279117
plucked,0.09808699048172335,vvd,9.722924448757036
plugged,0.13810684278308652,vvn,9.574636203046277
plunged,0.1949174408323184,vvd,9.326254996572539
pocketed,0.19553708636863026,vvd,10.180133955367644
pointed,0.19539094983043293,vvd,7.693025748417888
poked,0.07197742150701936,vvd,9.29771001811309
pondered,0.21970842809249266,vvd,9.729253205924792
popped,0.11255282584258688,vvd,9.0455836463617
posed,0.1530275733636336,vvn,8.850087606689566
positioned,0.2066336956668081,vvn,8.965590066907914
possess,0.1845583336263364,vv0,8.635864721133736
posted,0.13883031103890614,vvn,8.853808274977197
pounded,0.11734520926982457,vvd,9.26188863385676
poured,0.2043329252528906,vvd,8.698180525197055
pouring,0.14716619564022887,vvg,8.700847193443972
practiced,0.20194498862074092,vvd,9.00565049932022
praised,0.16466384949396523,vvd,9.159993997539445
pray,0.031317434587387824,vv0,8.336150816120663
prayed,0.1785588581303595,vvd,9.069122370060645
prepare,0.25648583845896267,vv0,7.75190533307861
prepared,0.26333816472335836,vvn,7.450079569807499
prescribed,0.22139505873491616,vvn,9.25253742067597
presented,0.224384740091436,vvn,7.6004023345004
pressed,0.2003849847343082,vvd,8.45638105201948
pretended,0.20952662440485356,vvd,9.140239744296693
prevented,0.2239885174995748,vvn,9.001222992395064
pried,0.14962637193393025,vvd,10.075506216334185
printed,0.19927688708921423,vvn,8.723394022000136
prioritize,0.19766600266870285,vv0,9.934550077987947
proceed,0.23102915928271806,vv0,8.532869670801245
proceeded,0.20614096938649037,vvd,9.043340831280013
proceeding,0.14965981432648362,vvg,9.128804883993665
proclaimed,0.2293379990671105,vvn,9.294681520409934
produced,0.23227526493575293,vvn,7.602401335665818
promised,0.21258432855238096,vvd,8.200288260287554
propose,0.2328129763183204,vv0,8.707813551024888
propped,0.11374956705734719,vvn,9.292933670280036
prostrated,0.22254892776055105,vvd,11.053014730672343
protect,0.18843718413888638,vv0,7.00033446027523
prove,0.151014944087971,vv0,7.498869733976931
proved,0.1767142653808888,vvd,8.160232492367689
provide,0.21777752638356354,vv0,6.144185634125646
provided,0.21415966122012556,vvn,7.4109518755836366
publish,0.18967636377340988,vv0,8.767796255626598
published,0.2204042367568427,vvn,7.451241684987676
puke,-0.009045034385237773,vv0,10.355645388636274
pull,-0.0022589521538631746,vv0,7.25063551189868
pulled,0.059362534479928175,vvd,7.187657164114956
pulling,0.10321995227817699,vvg,7.813591552952433
pumped,0.1930518761806571,vvn,9.381853730053534
punched,0.10007721410761186,vvd,9.247443459927686
punish,0.1259627340953869,vv0,8.9595686535445
purchased,0.20982466415900963,vvn,8.581669210600602
pursue,0.22785710863674602,vv0,8.109525659752872
push,0.027250930744966536,vv0,7.587817219993427
pushed,0.16401832162038069,vvd,7.8407064517494
pushing,0.1214138494881781,vvg,7.7501841622578365
put,-0.1191911989293849,vv0,5.68697535633982
putting,-0.02325742318951201,vvg,7.068172000388042
questioned,0.20704835827272453,vvn,8.831419819090131
quit,0.006342212336254233,vv0,8.353497098745448
raced,0.19153237113650998,vvd,9.140775908590273
raise,0.15659456323299617,vv0,7.156176637480615
raised,0.17481936240207724,vvn,7.456454555176209
raises,0.1442724406385618,vvz,8.116118431609365
raising,0.1318825665882635,vvg,7.656810091480378
rammed,0.1839456337762967,vvd,10.214971597173399
ran,0.015177552686004203,vvd,6.744059186311348
rang,0.07696891299293146,vvd,8.552753366814787
raped,0.1877409502950286,vvn,8.99961934066053
re-evaluate,0.17924948190698936,vv0,10.328853322350628
reach,0.14102060687182116,vv0,6.996681488176539
reached,0.15388040427236077,vvd,7.301822342137932
reaching,0.15407698933610983,vvg,7.886081401775745
read,0.1371713730843317,vv0,6.439350371100098
realised,0.17890522192083003,vvd,10.664503639837902
realize,0.2758533749537612,vv0,7.215975002651466
realized,0.28403191580952514,vvd,7.381501894506707
realizing,0.16007771240249452,vvg,8.634620608292202
reapply,0.10887322448036543,vv0,10.323414252585296
reassess,0.11280349882445036,vv0,10.057623946547059
reassured,0.17171347636063303,vvd,9.834458966125691
reattached,0.23462541226132347,vvd,10.956736299452707
rebuild,0.12476077372273696,vv0,8.740976538017787
rebuilt,0.0612660175267722,vvn,9.462965052612562
recalled,0.214785994457252,vvd,8.262816937670928
receive,0.21071374143243848,vv0,7.336936913707618
received,0.2078604393365147,vvd,7.220373836723949
recite,0.10220536333114488,vv0,9.542230699092284
recited,0.18924753162952584,vvd,9.784084455288346
recognized,0.23667950327069537,vvn,8.009363076630045
recoiled,0.1748463075784253,vvd,10.162422867948395
recommend,0.276399615918935,vv0,8.289790583181643
recommended,0.2675010492167525,vvn,8.52456594574565
reconsider,0.2704254299875573,vv0,9.360396968182862
recorded,0.2071657152475773,vvn,8.29054350077274
reduce,0.2178698805051699,vv0,7.097548850614793
reevaluate,0.18647559491840193,vv0,10.24092361024682
refer,0.1672978816403004,vv0,8.28576542051433
referred,0.15895177071393407,vvn,8.178077463849608
refile,0.12423188357506273,vv0,11.325993295618591
refilled,0.21641100787092807,vvd,10.285240400684541
reflected,0.2225435499902079,vvn,8.465689348549121
reflects,0.14094367966337604,vvz,8.144679183447758
refrain,0.11163717299079755,vv0,9.590897844378162
refuse,0.16222955957937038,vv0,8.473032295630468
refused,0.21136633962716317,vvd,7.905810312658931
refute,0.1094272249003394,vv0,9.867031015525512
regret,0.21057864252429445,vv0,8.842893331055539
regretted,0.19850257901121293,vvd,9.635804166591036
reiterate,0.17859613268491895,vv0,10.05470536427875
reject,0.11994445044870351,vv0,8.68929604801586
relax,0.19394932450115332,vv0,8.389814262086407
released,0.16951896171636666,vvn,7.489412083508719
relocate,0.14937072749670163,vv0,9.557469903071384
remain,0.2507400804305032,vv0,6.940222469119639
remained,0.2063090202189661,vvd,7.596894438144544
remains,0.1404280787956705,vvz,7.029972911706386
remarked,0.20151297334845764,vvd,9.13259502335133
remember,0.2551994433000369,vv0,6.061456918928017
remembered,0.22198857471857755,vvd,7.872073979866873
remembering,0.16980951446416265,vvg,8.527539483470381
remind,0.17858632742899155,vv0,8.200013648175434
reminded,0.20708769221316803,vvd,8.363109176033522
remove,0.17137454613708322,vv0,7.452402451223638
removed,0.1639979664861021,vvn,7.903965634032166
renew,0.12985410591581117,vv0,9.280705634636746
rented,0.1992233914268176,vvd,9.308736693832376
reopen,0.10032213178950153,vv0,9.531408863445597
repaired,0.2081753994709353,vvn,9.482350275033667
repeat,0.1715121567715575,vv0,8.06211758275474
repeated,0.20921491583662474,vvd,8.504513138258863
replace,0.17444406802594503,vv0,7.860185057472165
replaced,0.20959311036050646,vvn,8.046549357283078
replied,0.17556720228776157,vvd,7.899524472032198
replying,0.14091918439518178,vvg,10.264652401747712
reported,0.22654392130905937,vvd,7.115582126184454
requested,0.21504484065228302,vvn,8.774622220696997
required,0.2505955764956184,vvn,7.060476365999801
requires,0.24498120070852125,vvz,7.355641102974253
resign,0.16036268132660902,vv0,8.906799883589944
resigned,0.20562566454561496,vvd,9.024974184996003
resist,0.15588078973447173,vv0,8.294049640102028
resolve,0.20013060608297942,vv0,8.386172928977834
respond,0.21433266327503747,vv0,7.462789157412448
responded,0.21747072246916796,vvd,8.330622620332868
responding,0.17396142036798679,vvg,8.35772841676521
rested,0.20789131948733947,vvd,9.167224080902555
restored,0.1479553759960567,vvn,8.931684110731714
restrained,0.18654267650842116,vvn,9.72704865890033
resubmit,0.07065017960779539,vv0,10.900897335695076
resulted,0.2043346225529674,vvn,8.323608442343572
resumed,0.20435826002485435,vvd,9.301642530382969
retaliate,0.14439267155081065,vv0,9.850508627745242
rethink,0.17196928595534883,vv0,9.324472306021095
retire,0.16893520588202326,vv0,8.647168267837984
retreated,0.21450164841426808,vvd,9.3101857069459
retrieved,0.17073867308352608,vvn,9.04899722156742
return,0.1366047707896824,vv0,7.04141166379481
returned,0.15546066766022176,vvd,7.5766097669730375
returning,0.14888174697253606,vvg,7.8709295967551425
reveal,0.21449343141443436,vv0,7.828834527588089
revealed,0.21780996646345702,vvd,7.98139158158007
reverse,0.10434080037063136,vv0,8.867850063029406
reviewed,0.19872020966119738,vvn,8.81269461292015
revise,0.09158405068484757,vv0,9.480749115757506
revisit,0.17027605386789202,vv0,9.558882332684727
rewrite,0.07124719214699207,vv0,9.532930988916153
rifled,0.17327325801029014,vvd,10.523445569477712
rip,0.00830051824769917,vv0,9.217315985712608
ripped,0.12823127243804555,vvn,9.144734614878189
roared,0.13811179417814384,vvd,9.227394126542011
rob,0.04657729537712112,vv0,9.398726833332388
robbed,0.07958459333555379,vvn,9.413036288021287
rocked,0.16561942452200124,vvd,9.387146748082028
rode,0.0647580755504216,vvd,8.48714627006394
roll,0.029577842241210996,vv0,7.989560449333865
rolled,0.15275216042425058,vvd,8.18060094759445
rotated,0.20527704025856602,vvn,9.992001966066868
rub,-0.0033045893117414835,vv0,8.83811659764782
rubbed,0.08919044778866789,vvd,8.818630229100354
ruin,0.11727830293874102,vv0,9.064389316491878
ruined,0.19301774671263877,vvn,9.281450999434135
rummaged,0.16429647990140192,vvd,10.093942609226804
run,0.032801353752581724,vv0,6.401917196727186
rushed,0.10691025494424455,vvd,8.701512750872865
rushing,0.07755430695424437,vvg,8.35983738064003
sabotaged,0.22222337966122205,vvn,10.40867732468349
said,0.07208338246961266,vvd,3.8501476017100584
saluted,0.21524684538643232,vvd,10.041900759689755
sang,0.027280910979617577,vvd,8.413830678421084
sank,0.04779870979303461,vvd,8.812396905266864
sat,-0.06403725192668597,vvd,6.584791392385716
sauntered,0.19965255013327066,vvd,10.156500537452615
save,0.11369096238259732,vv0,7.027314514039777
saved,0.12931925104367312,vvn,8.315566483564277
savored,0.13854682313091352,vvd,10.197425019150417
saw,0.08103565794545316,vvd,5.71042701737487
say,0.06033186547007353,vv0,4.634728988229636
says,0.0924180662911588,vvz,4.430816798843313
scanned,0.19931793490325161,vvd,9.24753981296529
scare,0.09017747230203264,vv0,8.941152882160566
scattered,0.19391077984776806,vvn,8.62371303479391
scheduled,0.20644450672094986,vvn,8.06117135969092
scoffed,0.21317873235255735,vvd,9.911902051137146
scolded,0.18579460811456106,vvd,9.959158749906589
scooped,0.17375645807171997,vvd,9.679280936368654
scored,0.18411741212576851,vvd,8.151909872940905
scowled,0.14234615216218854,vvd,9.727227587120769
scrambled,0.20025495885332528,vvd,9.39349491507403
scraped,0.18706610153125536,vvd,9.726511682066926
scratched,0.18875911996740802,vvd,9.414994033976548
scrawled,0.15536272701129666,vvd,10.036968943910608
scream,0.10812254535029132,vv0,8.871084263978354
screamed,0.19271755612637156,vvd,8.787372988731876
screwed,0.17652109211484313,vvn,9.523032079931992
scribbled,0.15966415242244147,vvd,10.038236953087743
scrolled,0.17408665473834697,vvd,10.360627548882315
scrubbed,0.10027896929310101,vvd,9.961945122107696
scrutinized,0.20533052696622817,vvn,9.817330356084954
scurried,0.13069212730679264,vvd,9.911108439667489
sealed,0.15957505975233707,vvn,9.162514742493578
searched,0.2048025260146025,vvd,8.960339366492091
secured,0.21330452971462407,vvn,9.144414221860016
seduce,0.13138554976393158,vv0,9.861362626235456
see,0.13046582873289306,vv0,4.532599493153256
seeing,0.20334423893899833,vvg,6.855408798609928
seek,0.11370962736187715,vv0,7.529943370601589
seemed,0.19020903694551405,vvd,6.113682179832232
seems,0.18415585239820223,vvz,6.042632833682381
seized,0.15800349710099523,vvn,9.019664010799474
selected,0.2101253934069402,vvn,8.098946748943339
sell,0.0829062353583354,vv0,7.038783541388542
send,0.086593336718717,vv0,6.921658184151129
sent,0.035956635233991945,vvd,7.344072850573066
serve,0.18502945948244892,vv0,6.846943139585379
served,0.15975117427946633,vvn,7.581719640125308
set,0.048104218175001066,vv0,6.618738983517219
settle,0.05335701557256142,vv0,8.104099056143582
settled,0.1607206653006599,vvn,8.19533366716287
settling,0.1042339232312091,vvg,8.802221746402456
shake,0.07543853019283389,vv0,8.229244416735913
share,0.19386776448059492,vv0,7.1316985104669115
shatter,0.055664057541473175,vv0,9.713839220355712
shattered,0.20073226317537715,vvn,9.345482965918476
shed,0.02629065529416133,vv0,8.970686268534983
shielded,0.19829523866310206,vvn,9.942948621417042
shifted,0.1863393853332129,vvn,8.715552125907816
shivered,0.2090613502605646,vvd,9.373648989588206
shone,0.07646678421216763,vvd,9.172846167548602
shook,0.0011243334413933298,vvd,7.476472381163905
shoot,0.04965998397233168,vv0,7.784473235736469
shout,0.012893823552159858,vv0,9.068315871946766
shouted,0.1712979622913694,vvd,8.230044310126114
shove,0.05016219297750779,vv0,9.47424191576256
shoved,0.09877492921109159,vvd,9.130105979265577
show,0.08692802029356873,vv0,6.0330862217988015
showed,0.14603321128854596,vvd,6.70808408385307
shrieked,0.19524034055040365,vvd,9.765948138514066
shrugged,0.1289527756945816,vvd,8.276903481267057
shuddered,0.1972951733095053,vvd,9.394410399304254
shuffled,0.1653310778754752,vvd,9.561841957140917
shut,-0.018701735288909286,vv0,7.96102146588337
sifted,0.1897937546002461,vvd,10.210236687705134
sighed,0.12523429372363912,vvd,8.33758794211651
signaled,0.19242817053113281,vvd,9.298534382712099
signed,0.15248934214780693,vvd,7.946263643580541
sing,0.04587877357601836,vv0,7.84971375760487
sipped,0.116238092153644,vvd,9.30946146284399
sit,0.0017528734850994591,vv0,6.748759547491679
skimmed,0.11322450893709791,vvd,10.131499235247198
skip,0.05376659280982314,vv0,8.889859587773016
skipped,0.12714207322125232,vvd,9.432923766431829
slammed,0.13150828284350238,vvd,8.843182098022606
slamming,0.09176391127551944,vvg,9.319284458965361
slapped,0.15650672048017117,vvd,9.123147160273806
slash,0.04959469864595874,vv0,9.57449725626267
slashed,0.08435542242618327,vvn,9.740850969058572
slept,0.06695496631998109,vvd,8.434028950155469
slid,0.03592374147329759,vvd,8.441391477999955
slip,0.011743719150078772,vv0,8.481773246184977
slipped,0.1613237128558558,vvd,8.252967195000798
slipping,0.08875720295158071,vvg,8.798001694924846
slumped,0.1921973152143912,vvn,9.57275879054198
slung,0.0259042160087568,vvd,9.862925940780006
slunk,0.015153143097215091,vvd,10.462102840137968
smack,0.04693732645857053,vv0,9.656947423415522
smacked,0.09871418099038079,vvd,9.744960644307891
smash,0.07388395868337122,vv0,9.497472293122483
smashed,0.10076668793563656,vvn,9.579694593071988
smeared,0.1471457800256143,vvn,9.845116639209799
smelled,0.18728039765168866,vvd,8.618846845142738
smiled,0.17365529729302862,vvd,7.474204806496124
smirked,0.11340274886719913,vvd,10.092122471386675
smoked,0.1239867588375465,vvd,9.218705288307811
smoothed,0.19665337609922595,vvn,9.8001804826702
snap,0.09470603820449669,vv0,8.834919385216395
snapped,0.1386224893039672,vvd,8.50045386741194
snarled,0.14806546532470835,vvd,9.837775009170747
snatched,0.09698793256339272,vvd,9.386727689281946
sneaked,0.19260729936065657,vvd,9.89957992770511
sneered,0.2075988571917306,vvd,10.040550202924468
snickered,0.2090424747643494,vvd,10.25969238599024
sniffed,0.21058939310043717,vvd,9.393827915410107
snorted,0.17850674323910928,vvd,9.36768594269996
snuck,0.02248395942615379,vvd,9.893235176071776
snuggled,0.13056360033860742,vvd,10.142346960290341
sobbed,0.081328252443221,vvd,9.792276623200125
sold,0.044971670346233596,vvn,7.506042178518122
sorted,0.20690952284094485,vvn,9.734180932819669
sought,0.13270681570794593,vvd,8.054204897064407
sounded,0.17738424114959833,vvd,8.14002395246292
spat,0.009502794991023956,vvd,9.633841842570446
speak,0.15589595132026537,vv0,6.669498089857879
speaking,0.17405282871207983,vvg,7.0925737159746784
sped,0.12190604734161685,vvd,9.480596490604585
spend,0.10227542119237258,vv0,6.767343125265392
spent,0.12650681440193828,vvd,7.05444965813294
spilled,0.19069201756095838,vvd,9.470779708034089
spit,-0.024492086718153904,vv0,9.23883064237581
splashed,0.16574162525230857,vvn,9.857705359881
split,0.08001920599629926,vv0,8.81195017753998
spoke,0.10458805746390432,vvd,7.044032897274685
spooned,0.20383140184418258,vvd,10.38427655992558
spotted,0.17631649476754485,vvd,8.862908295118627
sprayed,0.19101720194755914,vvn,9.702044336534586
spread,0.1306440886589761,vv0,7.991253929840199
sprinkled,0.1670077905768438,vvn,9.61092693263324
sprinted,0.17450771245199387,vvd,9.95294416124872
spun,0.005634274194061066,vvd,9.101752431559284
squatted,0.18346216728201367,vvd,9.738789780495722
squeeze,0.10055772207603832,vv0,8.71768205216564
squeezed,0.17748621198909814,vvd,8.97297111339799
squinted,0.18310566837186132,vvd,9.34583234141334
squirm,0.09437503070903512,vv0,10.168387062090664
stabbed,0.09747263357745678,vvn,9.507997527450042
stalked,0.10650014925875582,vvd,9.842675413139371
stamped,0.1873077837373703,vvn,9.800125039540974
stand,0.09205469235188449,vv0,6.71174039505618
stare,0.10929324077084757,vv0,8.57715877258367
stared,0.18232354042169985,vvd,7.760893195851024
start,0.14835094498779453,vv0,6.124683390894205
started,0.21191293681217332,vvd,6.040254711277414
starting,0.18421886235896706,vvg,6.890609120147166
startled,0.15065924437464773,vvn,9.273784544532717
stashed,0.10497230119612522,vvn,9.953610161939338
stated,0.20419048124431624,vvd,8.274357006756292
stay,0.10859889697670164,vv0,6.251903883165888
stayed,0.16942437469866375,vvd,7.801800401908973
steadied,0.17081021101081556,vvd,10.176411254012363
steal,0.04945878944947338,vv0,8.510369966068112
steered,0.17880289551339834,vvd,9.593968785475173
stepped,0.11598395704424722,vvd,7.821242083523558
stepping,0.0985009023066864,vvg,8.53895468319775
stick,0.07829872647951491,vv0,7.989221408815276
stir,0.06187461947112262,vv0,7.925518979786926
stirred,0.138082414056067,vvd,9.240287448344136
stole,0.036397848852547675,vvd,8.625868208041894
stomped,0.09370116778393746,vvd,9.785548254671442
stood,0.08462354144765381,vvd,6.643789733147672
stop,0.07213662956572811,vv0,6.261491684321042
stopped,0.1369077989334133,vvd,7.2456550675945355
stopping,0.09720991361804654,vvg,8.291045131081729
stored,0.1936946178409363,vvn,8.701013624333928
stormed,0.12737967695342264,vvd,9.52711997525166
storming,0.12469766036794652,vvg,9.994789710942914
stowed,0.06510597616045345,vvn,10.233438572167076
straddled,0.16201045612826095,vvd,10.266601720103763
straightened,0.21113936838994307,vvd,9.223157875686796
strangle,0.09708298547576269,vv0,9.924906519909428
strangled,0.15197011090557488,vvn,9.956127439860307
stressed,0.20429559530910552,vvn,9.104868739033948
stretched,0.1955951590694935,vvd,8.695171998776056
stripped,0.10806381462924267,vvn,9.188503677367008
strode,0.08233218898616029,vvd,9.278092474027002
stroked,0.1683456982585871,vvd,9.398892478520773
strolled,0.17123337645719988,vvd,9.497172082973124
struck,0.04247097670478413,vvd,8.088561805276234
struggled,0.20083396806376075,vvd,8.643649615368796
stubbed,0.0824578638548825,vvd,10.518781293891209
stuck,0.06356050235168474,vvn,8.099857910737585
studied,0.21914284387471827,vvd,8.144388865547622
stuffed,0.16494708106764597,vvn,9.02401079378469
stumble,0.08167762913002162,vv0,9.474702639106347
stumbled,0.1977189083068205,vvd,8.927181388251986
submerged,0.1623584363234808,vvn,9.730858867713073
submit,0.15220002801132787,vv0,8.710784340468424
submitted,0.19201420012256196,vvn,8.9641840463529
suck,0.01120042119184897,vv0,9.102977853647683
sucked,0.06570320260450548,vvn,9.365033761652663
sue,0.03975059453216401,vv0,8.86403999703599
sued,0.12953989206796948,vvn,9.164715193949908
suffer,0.18463667876092127,vv0,8.011355109161286
suffered,0.22483616336921586,vvn,8.32845106681936
suggest,0.248415171362383,vv0,7.085901464365611
suggested,0.23156455580176397,vvd,7.6236419465115715
suggests,0.16332323237260432,vvz,7.177782416195197
summoned,0.1740977249452285,vvn,9.417923485172336
supported,0.21786249333490365,vvn,7.980707820869669
surrender,0.16309673155665558,vv0,9.113278659133051
surveyed,0.20426558650271734,vvd,9.05321861620397
suspect,0.2089057175469935,vv0,8.216898580913613
swallowed,0.19189575960997068,vvd,9.014447135152134
swam,0.045342874054860635,vvd,9.200492035921368
swapped,0.10078261980045872,vvd,10.199918739620157
swept,0.020015626512758136,vvn,8.77137018531062
swerved,0.13278115102603366,vvd,10.039677906986393
swiped,0.09379606475078467,vvd,10.221322910683318
swirled,0.1558643999358366,vvd,9.582800078470363
switched,0.18287868523327272,vvd,8.94884572927805
swore,0.06364526886476851,vvd,9.21830854162536
swung,0.05998586715963141,vvd,8.71308886823731
tackled,0.15187973347784087,vvn,9.994607145903611
tagged,0.13232508125745643,vvn,9.7473014693468
take,0.11558419100830447,vv0,4.795790545596741
talk,0.1235030861361048,vv0,5.802118375377063
talked,0.17465046555897965,vvd,7.395721608602045
talking,0.1658821857150288,vvg,5.905361848054571
taped,0.17820927218806132,vvn,9.39465993143281
tapped,0.1137837970527122,vvd,8.978156076009824
tasted,0.09844113577826132,vvd,9.247154345098899
taught,0.14260246690551295,vvn,7.767687277186908
taunted,0.15875308945833788,vvd,10.235915909400319
teach,0.09246420049771502,vv0,7.347299700743164
tease,0.06623028949299141,vv0,9.456184308811169
tell,0.01506616943902207,vv0,5.209486152841421
terminate,0.15656909588801382,vv0,9.598727138549595
tested,0.20238477156105228,vvn,8.076515327552329
texted,0.192303737407239,vvd,10.575283407185038
thank,0.1559376753978122,vv0,5.929589143389895
thanked,0.20802749363906753,vvd,9.177197153382929
think,0.1921408297004003,vv0,4.31748811353631
thought,0.2009659190636141,vvd,5.568344503761097
thrash,0.022992275417249894,vv0,10.319694757176194
threaten,0.14028705911949174,vv0,8.622813673279921
threatened,0.2252513724192111,vvn,8.323122887587735
threatening,0.18101195106970142,vvg,8.255568653283746
threw,-0.006837448091460297,vvd,7.731930721948486
throw,0.04431941012111948,vv0,7.595889917718538
throwing,0.1305349330520422,vvg,8.063062911326792
thrown,0.11045377884088677,vvn,8.005700678662542
tickled,0.14903665394623475,vvd,10.126911064657653
tied,0.04454726693014871,vvn,8.00603417874901
tightened,0.20233021702855086,vvd,9.460164801871723
tilted,0.15635515444131434,vvd,9.32232887392423
tipped,0.14804042917661775,vvd,9.35781165133439
tiptoed,0.1622071812399231,vvd,10.100246059905626
told,0.01641099881786562,vvd,5.602118820879701
took,0.09619487096517929,vvd,5.318119993844216
topped,0.1071424685000825,vvn,9.07096335550754
tore,0.06583410716723384,vvd,8.836373930927389
tossed,0.08735490808782381,vvd,8.742733867330168
touched,0.18529088982149777,vvd,8.185350223178686
traced,0.21398678802626564,vvn,9.172638504792172
tracked,0.18513172431804525,vvd,9.296151028389293
trailed,0.17519201174855725,vvd,9.315150736328528
trampled,0.14552713568241873,vvn,10.041552403492023
transferred,0.14159130360890704,vvn,8.632127729508337
transform,0.16235906985894155,vv0,8.576216531865699
trashed,0.09265143271644571,vvd,10.318341777940978
traveled,0.1784195119591494,vvd,8.404696160189092
treat,0.15532973790919785,vv0,7.802209316247118
treated,0.18545934499152453,vvn,7.675546002537848
tremble,0.10228377083719078,vv0,9.653101264828043
tried,0.135654791682112,vvd,6.456769655572163
tripped,0.10641492972504699,vvd,9.8233073354086
trudged,0.13842471734759063,vvd,9.85114107216392
trust,0.1282162439065057,vv0,7.720461694599722
try,0.12524706370464614,vv0,5.8522024797744745
trying,0.16979714695529946,vvg,5.634789603169249
tucked,0.06431599460723249,vvn,8.867286523989415
tugged,0.09094968655860136,vvd,9.327856705404022
turn,-0.03649616802771845,vv0,6.2766434893416445
turned,-0.0011028198644855852,vvd,6.089044875446846
twirled,0.15704602090408834,vvd,10.057752511547557
typed,0.17103263415367057,vvd,9.791829470993246
unbutton,0.03760830644548736,vv0,10.55158506454235
unbuttoned,0.20492022920892783,vvd,10.242812858139747
uncovered,0.21776355003167525,vvd,9.221577003902171
understand,0.28914462138939867,vv0,5.976350909297934
understood,0.27837144855947016,vvd,7.9868449011613825
undid,0.06266582264544777,vvd,10.165120780630861
undress,0.15885304109499393,vv0,10.176753713253548
undressed,0.22920261439622017,vvd,10.128030124764045
unearthed,0.13248707731128467,vvn,9.917538375758788
unfolded,0.20334384124535407,vvd,9.58465875108751
unionize,0.19343637693812255,vv0,10.578470762468402
unleashed,0.12640636234699618,vvn,9.783013399068254
unlocked,0.19818872923406694,vvd,9.719204072428633
untied,0.17764013411517765,vvd,10.19088208365186
unzipped,0.1314992851951215,vvd,10.279420858038254
uphold,0.11504721036375945,vv0,9.389490237604502
uploaded,0.19796799895299902,vvn,10.635158087766825
urged,0.2165742084582487,vvd,8.617038526385954
urinated,0.21595512076825735,vvd,10.708936105183218
use,0.1696802986128999,vv0,5.493061443340548
used,0.16837418498378515,vvn,5.823045895483019
ushered,0.2017032198904829,vvd,9.764857469366598
uttered,0.19497713169866757,vvd,9.77854771798028
vacate,0.14262479298165773,vv0,10.255622204932642
vandalized,0.18178883302325433,vvn,10.521075708675037
vanished,0.09732906427666585,vvd,8.929567707825337
verified,0.21435833797328258,vvn,9.619598278323043
verify,0.15258527290035662,vv0,9.112065802707843
violated,0.21214895182918417,vvn,9.140668698726863
visit,0.1601517748910881,vv0,7.356279876550748
visited,0.22190070984930205,vvd,8.159374736775426
vowed,0.10103864039135178,vvd,9.199986959896691
waded,0.15266703751103278,vvd,9.899128063758676
wait,0.10314986926191715,vv0,6.610696044717759
waited,0.17367870089291437,vvd,7.753194269884341
waiting,0.13004077721778196,vvg,6.639875833826536
wake,0.050621776799493645,vv0,8.106816038947052
walk,0.05679186108329799,vv0,6.883462586413092
walked,0.0772342212075398,vvd,6.79794041297493
wandered,0.19379009472088196,vvd,9.167641617443067
want,0.14796028509334097,vv0,4.709530201312334
wanted,0.18701717962777872,vvd,5.713732805509369
wants,0.1276129859354656,vvz,6.35088571671474
warn,0.0680905995693664,vv0,8.665095821339733
warned,0.17594029788703391,vvd,8.369388996647842
wash,0.034854106321018215,vv0,8.352318548226004
washed,0.08088591977584755,vvn,8.919319398258887
watch,0.15035210961867396,vv0,6.6240652277998935
watched,0.21993529666554223,vvd,7.194436851100335
watered,0.18098887491755505,vvn,9.899077844047428
waved,0.09775500496162715,vvd,8.5016733797582
wear,0.0940096519554469,vv0,7.387090235656757
weave,0.07566111630787188,vv0,9.655474810542554
weep,0.013068804051327636,vv0,9.451245252869034
welcomed,0.19199251721657207,vvn,9.19664704484418
went,0.0325802667387286,vvd,5.25227342804663
wept,0.03656879351810885,vvd,9.38252741428954
whacked,0.08573363200429408,vvd,10.199100591564108
wheeled,0.16796238173140485,vvd,9.753652546776472
whipped,0.12127115620510164,vvd,9.394160804893874
whispered,0.20145695821403933,vvd,8.127995055771946
win,0.08319786467656187,vv0,6.665683717782408
winced,0.14755662316982224,vvd,9.56395062454207
winked,0.11537803321577919,vvd,9.488577985599964
wipe,0.03250859097367322,vv0,8.78813593986372
wiped,0.0816823868535875,vvd,8.824236617346639
wish,0.1083750837744156,vv0,7.295735072749282
wished,0.19756674874297997,vvd,8.326516830239528
withdraw,0.14664250599348527,vv0,8.690474003558043
withdrew,0.0407516082697799,vvd,8.987321812850125
withhold,0.11021759659454661,vv0,9.597777277564957
witnessed,0.21604804475458117,vvn,8.952087643548404
woke,0.03299881980736936,vvd,8.325063693631197
won,0.033755880984120565,vvd,7.024649030453636
wonder,0.17080228618482504,vv0,7.5251007461258
wondered,0.22064955955759827,vvd,7.720905251936779
wore,0.05902220239262959,vvd,7.663407664893479
worked,0.15025571791817413,vvd,6.776506992372183
worry,0.17540632827988417,vv0,7.288927694521257
worshiped,0.2138967820921001,vvd,10.318539889280197
worshipped,0.11897384673831103,vvd,10.341258495396207
wrapped,0.12224150148175042,vvn,8.421342865759403
wrecked,0.12237977815582068,vvn,10.024509780783578
wrenched,0.11948168188488502,vvd,10.063946862472948
wrestled,0.15563135406035786,vvd,9.785210644945074
write,0.07742070262656484,vv0,6.74993119378857
writhe,0.09985417919956574,vv0,10.626314887197484
wrote,0.06621605255974054,vvd,6.493753839851686
yanked,0.11100065762864231,vvd,9.331672657143708
yell,0.022813741166488596,vv0,9.16303909885817
yelled,0.18039971611429417,vvd,8.569026340056254
yelling,0.09585352167763128,vvg,8.657650544111494
yelped,0.06481548694136505,vvd,10.195634641947068
zipped,0.11175415168393756,vvd,9.949893925350283
