tag,word,net,base_p,models,violence,picturability,fatality
violence_explicit_1,cried,-3,0.002583452095717278,opus,80.0,62.0,52.0
violence_explicit_1,realised,-3,0.0019281862786599431,opus,68.0,28.0,58.0
violence_explicit_1,expired,-2,0.0026044979297280874,opus,72.0,45.0,100.0
violence_explicit_1,realized,-7,0.0037248430616400943,opus,68.0,28.0,58.0
violence_explicit_1,fled,-2,0.002732245564194889,opus,72.0,68.0,25.0
violence_explicit_1,bled,-3,0.03441890039645633,opus,92.0,88.0,80.0
violence_explicit_1,stabbed,-2,0.001883989680157567,opus,80.0,50.0,70.0
violence_explicit_1,left,-2,0.0018894847170822509,opus,72.0,55.0,62.0
violence_explicit_1,hit,-3,0.002470622840133686,opus,78.0,45.0,62.0
violence_explicit_1,reached,0,0.0021931535883387746,opus,68.0,35.0,58.0
violence_explicit_1,felt,-14,0.006110125206915644,opus,68.0,25.0,58.0
violence_explicit_1,passed,-5,0.010294320889656594,opus,74.0,45.0,80.0
violence_explicit_1,ran,-20,0.005871978010351348,opus,72.0,62.0,28.0
violence_explicit_1,ceased,-1,0.0025816333515555623,opus,76.0,40.0,88.0
violence_explicit_1,saw,-9,0.004545983294585249,opus,66.0,28.0,58.0
violence_explicit_1,came,-3,0.002591481953553806,opus,74.0,30.0,58.0
violence_explicit_1,stopped,6,0.05181954295647514,opus,80.0,62.0,82.0
violence_explicit_1,found,-2,0.0021865744954832327,opus,66.0,25.0,58.0
violence_explicit_1,collapsed,4,0.03814268589751085,opus,84.0,88.0,82.0
violence_explicit_1,succumbed,-3,0.003029629786755347,opus,74.0,45.0,100.0
violence_explicit_1,broke,-4,0.0033493878891913123,opus,78.0,38.0,60.0
violence_explicit_1,dropped,-9,0.012910842542666718,opus,84.0,85.0,82.0
violence_explicit_1,slumped,-2,0.00400782198043374,opus,84.0,90.0,82.0
violence_explicit_1,couldn't,-6,0.003865788968773486,opus,88.0,45.0,90.0
violence_explicit_1,heard,-5,0.0032047026468322286,opus,66.0,30.0,58.0
violence_explicit_1,managed,-3,0.00321159309742602,opus,70.0,30.0,45.0
violence_explicit_1,died,5,0.17537729585790365,opus,88.0,62.0,100.0
violence_explicit_1,fell,2,0.07758027507715785,opus,82.0,82.0,75.0
violence_explicit_1,thought,-5,0.004185084337910193,opus,66.0,25.0,58.0
violence_explicit_1,drew,1,0.0019695942159961882,opus,70.0,30.0,58.0
violence_explicit_1,believed,-2,0.002546048829523227,opus,64.0,20.0,55.0
violence_explicit_1,blew,-2,0.003981821836979312,opus,68.0,20.0,55.0
violence_explicit_1,killed,-13,0.004103256086848032,opus,90.0,60.0,100.0
violence_explicit_1,screamed,-1,0.003100523126480452,opus,86.0,72.0,55.0
violence_explicit_1,begged,2,0.0023714175139175025,opus,82.0,70.0,55.0
violence_explicit_1,crumpled,2,0.0020010616966197096,opus,86.0,92.0,82.0
violence_explicit_1,fainted,-1,0.005294014659341264,opus,78.0,72.0,55.0
violence_explicit_1,turned,-2,0.0027057378732593877,opus,68.0,40.0,55.0
violence_explicit_1,went,-11,0.005820074632194962,opus,70.0,40.0,62.0
violence_explicit_1,choked,0,0.002426636392548306,opus,88.0,78.0,85.0
violence_explicit_1,lost,-18,0.014334456430869271,opus,76.0,32.0,65.0
violence_explicit_1,lay,14,0.019623227948966645,opus,82.0,78.0,85.0
violence_explicit_2,land,-2,0.002340969580501053,opus,52.0,45.0,80.0
violence_explicit_2,flop,-3,0.002907044201385337,opus,60.0,72.0,85.0
violence_explicit_2,writhe,-6,0.005051842118181026,opus,82.0,78.0,85.0
violence_explicit_2,topple,-4,0.0033833087018144683,opus,55.0,75.0,87.0
violence_explicit_2,hit,-3,0.0041301662399028,opus,60.0,65.0,85.0
violence_explicit_2,burn,-4,0.0032419008099464127,opus,88.0,62.0,95.0
violence_explicit_2,writhing,0,0.004804729124739629,opus,82.0,78.0,85.0
violence_explicit_2,crumple,9,0.014400782477439224,opus,62.0,82.0,90.0
violence_explicit_2,fly,-4,0.003710615879491697,opus,62.0,45.0,85.0
violence_explicit_2,convulse,0,0.002210956450419785,opus,80.0,82.0,92.0
violence_explicit_2,fall,16,0.1901428725857298,opus,56.0,75.0,87.0
violence_explicit_2,twitch,0,0.004164769635100485,opus,75.0,80.0,90.0
violence_explicit_2,scream,-1,0.0022172971594272596,opus,78.0,65.0,72.0
violence_explicit_2,choke,0,0.001992622778246037,opus,75.0,62.0,88.0
violence_explicit_2,die,1,0.3564295867071684,opus,75.0,35.0,100.0
violence_explicit_2,sink,-8,0.00537192920539086,opus,52.0,60.0,85.0
violence_explicit_2,crumble,7,0.005203731572223848,opus,58.0,58.0,87.0
violence_explicit_2,struggle,0,0.0033057958972918457,opus,62.0,45.0,78.0
violence_explicit_2,tumble,-6,0.004505402512256162,opus,58.0,68.0,85.0
violence_explicit_2,lie,-1,0.0034912102700767043,opus,48.0,55.0,85.0
violence_explicit_2,slump,4,0.008178077860883816,opus,58.0,80.0,90.0
violence_explicit_2,turn,-6,0.003632340797457663,opus,50.0,40.0,70.0
violence_explicit_2,twist,2,0.0012519561112903559,opus,62.0,55.0,78.0
violence_explicit_2,suffer,3,0.0035185886863324115,opus,72.0,20.0,80.0
violence_explicit_2,stagger,-3,0.004043428699023918,opus,60.0,75.0,65.0
violence_explicit_2,expire,2,0.0016841309095500766,opus,55.0,18.0,100.0
violence_explicit_2,go,-4,0.014187273720369884,opus,48.0,18.0,82.0
violence_explicit_2,crawl,-5,0.00241308337683979,opus,65.0,78.0,60.0
violence_explicit_2,explode,-4,0.003358241613077679,opus,92.0,60.0,98.0
violence_explicit_2,lay,-2,0.0024663689009328973,opus,50.0,55.0,85.0
violence_explicit_2,slide,-1,0.003221035920696919,opus,52.0,62.0,85.0
violence_explicit_2,die”,1,0.0019639244048204165,opus,75.0,35.0,100.0
violence_explicit_2,bleed,-5,0.11485926678850426,opus,80.0,72.0,88.0
violence_explicit_2,drop,1,0.020769692563908412,opus,60.0,78.0,88.0
violence_explicit_2,slip,2,0.002082083548475157,opus,48.0,30.0,88.0
violence_explicit_2,disappear,0,0.0023671318094649445,opus,45.0,20.0,70.0
violence_explicit_2,limp,2,0.002972030688599525,opus,50.0,68.0,40.0
violence_explicit_2,drown,-5,0.0035483727885081244,opus,72.0,35.0,95.0
violence_explicit_2,bleeding,0,0.0027779930114883024,opus,78.0,75.0,88.0
violence_explicit_2,float,0,0.004081283435074365,opus,45.0,25.0,55.0
violence_explicit_2,cry,-1,0.002103645919049944,opus,58.0,55.0,72.0
violence_explicit_2,roll,-8,0.005211499026323287,opus,52.0,62.0,78.0
violence_explicit_2,run,-4,0.0028061010978411424,opus,48.0,72.0,25.0
violence_explicit_2,dying,-1,0.0033160653922432904,opus,72.0,40.0,100.0
violence_explicit_2,gasp,0,0.002309832742743433,opus,68.0,62.0,88.0
violence_explicit_2,collapse,6,0.015485694176302406,opus,62.0,78.0,90.0
violence_explicit_2,walk,1,0.0024315694242265447,opus,45.0,70.0,30.0
violence_explicit_2,jerk,-1,0.002630045830108978,opus,72.0,78.0,88.0
violence_explicit_2,squirm,0,0.0026216206407076036,opus,65.0,70.0,80.0
violence_explicit_2,stumble,3,0.0030730413884594034,opus,55.0,70.0,68.0
violence_explicit_2,crash,-1,0.0021681549250620676,opus,68.0,72.0,85.0
violence_explicit_2,fade,2,0.00300884696886184,opus,48.0,25.0,92.0
violence_explicit_3,cuts,3,0.002791470070172205,"opus,sonnet",46.0,22.5,17.5
violence_explicit_3,nostrils,-8,0.018181091033494797,"opus,sonnet",58.5,90.0,5.5
violence_explicit_3,ears,0,0.05177805044528026,"opus,sonnet",68.0,81.0,50.0
violence_explicit_3,nose,-1,0.20764450953119692,"opus,sonnet",49.0,87.5,4.0
violence_explicit_3,feet,-3,0.002010990579721232,"opus,sonnet",46.5,65.0,3.5
violence_explicit_3,chin,-2,0.002189797427553732,"opus,sonnet",41.0,80.0,3.5
violence_explicit_3,hand,0,0.0033719911556053315,"opus,sonnet",38.5,68.0,3.0
violence_explicit_3,hands,-3,0.006758006459761599,"opus,sonnet",41.5,67.5,4.0
violence_explicit_3,gums,-2,0.0022538189959872596,"opus,sonnet",55.0,80.5,4.0
violence_explicit_3,fingers,-2,0.0026235541423289314,"opus,sonnet",62.5,81.0,3.0
violence_explicit_3,eyes,-7,0.049135728413587015,"opus,sonnet",90.0,85.5,18.5
violence_explicit_3,arm,3,0.002468672720307045,"opus,sonnet",41.5,56.5,9.0
violence_explicit_3,mouth,13,0.22504698796297473,"opus,sonnet",60.0,79.0,9.0
violence_explicit_3,ear,-7,0.007434926876432821,"opus,sonnet",65.0,83.5,47.0
violence_explicit_3,throat,-5,0.0036902864813408106,"opus,sonnet",92.0,85.0,92.0
violence_explicit_3,shoulders,-2,0.0021487552730536756,"opus,sonnet",41.5,53.5,7.5
violence_explicit_3,head,-8,0.07400733710751882,"opus,sonnet",72.0,42.5,53.0
violence_explicit_3,chest,-6,0.00396491581311604,"opus,sonnet",76.0,52.5,75.0
violence_explicit_3,forehead,-12,0.00900961826513206,"opus,sonnet",52.5,80.0,17.5
violence_explicit_3,skull,-2,0.002783061420497802,"opus,sonnet",92.0,67.5,86.0
violence_explicit_3,scalp,-1,0.0033194390116077716,"opus,sonnet",63.0,67.5,17.0
violence_explicit_3,skin,0,0.0016751116807427204,"opus,sonnet",48.5,21.0,16.0
violence_explicit_3,cheeks,0,0.0018684531992655862,"opus,sonnet",45.0,77.5,3.5
violence_explicit_3,brow,2,0.0028003129610168066,"opus,sonnet",43.5,71.5,9.0
violence_explicit_3,face,-12,0.05053202173760617,"opus,sonnet",70.0,41.0,15.0
violence_explicit_3,teeth,0,0.0020583107170663384,"opus,sonnet",70.0,76.0,6.0
violence_explicit_3,temples,-1,0.0023707540371258173,"opus,sonnet",67.0,75.0,56.5
violence_explicit_3,wound,-1,0.007351751645380984,"opus,sonnet",48.5,17.0,30.0
violence_explicit_3,veins,3,0.0036777049109311547,"opus,sonnet",62.0,28.5,63.0
violence_explicit_3,body,-9,0.03245014856434184,"opus,sonnet",52.5,7.5,42.5
violence_explicit_3,legs,-2,0.0024895646894704648,"opus,sonnet",47.5,51.0,13.5
violence_explicit_3,back,-9,0.004779485939499692,"opus,sonnet",69.0,49.0,35.0
violence_explicit_3,arms,-2,0.002382821524770909,"opus,sonnet",43.5,52.5,9.0
violence_explicit_3,wrists,-2,0.0030295692388669923,"opus,sonnet",61.5,77.5,47.5
violence_explicit_3,wounds,7,0.05961750392290758,"opus,sonnet",57.5,18.5,36.0
violence_explicit_3,side,-3,0.00290351937431999,"opus,sonnet",59.0,40.0,55.0
violence_explicit_3,neck,-8,0.004901521159062839,"opus,sonnet",85.0,70.0,84.0
violence_explicit_3,eye,-10,0.0036375820562117626,"opus,sonnet",87.5,88.0,16.0
violence_explicit_3,cut,-1,0.0020931206234610636,"opus,sonnet",37.5,21.5,14.0
violence_explicit_3,lips,-6,0.022479746053667024,"opus,sonnet",46.5,81.5,3.0
violence_explicit_4,shout,2,0.005432408520095897,opus,10.0,40.0,0.0
violence_explicit_4,chant,10,0.0035608500178897426,opus,10.0,35.0,0.0
violence_explicit_4,murder,-2,0.0019199395599804425,opus,82.0,12.0,100.0
violence_explicit_4,pull,-8,0.00422489787804504,opus,28.0,55.0,5.0
violence_explicit_4,kill,-15,0.007675406792580462,opus,80.0,12.0,100.0
violence_explicit_4,thrash,-8,0.006788529849486486,opus,72.0,70.0,20.0
violence_explicit_4,fight,0,0.00263684350779018,opus,45.0,45.0,12.0
violence_explicit_4,hit,-13,0.00783953213936967,opus,55.0,70.0,12.0
violence_explicit_4,swing,2,0.0013739813073304925,opus,45.0,45.0,10.0
violence_explicit_4,assault,-3,0.006529916401266374,opus,65.0,15.0,22.0
violence_explicit_4,burn,-6,0.0031999820595203284,opus,93.0,82.0,82.0
violence_explicit_4,rip,-3,0.002505026743783663,opus,72.0,45.0,25.0
violence_explicit_4,search,0,0.0023211105103283333,opus,8.0,78.0,0.0
violence_explicit_4,pummel,-6,0.014362886567511552,opus,78.0,82.0,28.0
violence_explicit_4,hammer,-1,0.0017414473089916375,opus,78.0,78.0,40.0
violence_explicit_4,whip,-8,0.008957479147873194,opus,78.0,85.0,22.0
violence_explicit_4,scream,3,0.0033316827531196806,opus,15.0,45.0,0.0
violence_explicit_4,lash,1,0.002475440572181293,opus,78.0,82.0,20.0
violence_explicit_4,choke,2,0.002407203750366654,opus,82.0,85.0,72.0
violence_explicit_4,bash,-2,0.0020941620369314736,opus,80.0,80.0,45.0
violence_explicit_4,rush,2,0.0011057453317375524,opus,40.0,55.0,10.0
violence_explicit_4,mock,-2,0.0021921104693870385,opus,8.0,22.0,0.0
violence_explicit_4,beat,5,0.4877469239250283,opus,75.0,75.0,30.0
violence_explicit_4,kick,-16,0.019162452502762415,opus,70.0,85.0,25.0
violence_explicit_4,lynch,-4,0.011344519612007171,opus,90.0,60.0,95.0
violence_explicit_4,strip,-5,0.004569669937978438,opus,45.0,82.0,3.0
violence_explicit_4,chop,-2,0.0018338495430695557,opus,92.0,80.0,80.0
violence_explicit_4,circle,4,0.002144851500877669,opus,20.0,75.0,3.0
violence_explicit_4,batter,-6,0.00356968665174129,opus,80.0,78.0,38.0
violence_explicit_4,smash,-4,0.003080983980628153,opus,80.0,62.0,45.0
violence_explicit_4,taunt,0,0.00414458710931874,opus,12.0,30.0,0.0
violence_explicit_4,stoned,2,0.0061185382411092296,opus,88.0,80.0,78.0
violence_explicit_4,shake,0,0.002393892286153681,opus,30.0,72.0,5.0
violence_explicit_4,stomp,-3,0.004699822489854876,opus,82.0,88.0,50.0
violence_explicit_4,trample,0,0.0021825798561073673,opus,80.0,85.0,55.0
violence_explicit_4,hurl,1,0.007313703615397846,opus,40.0,20.0,12.0
violence_explicit_4,torture,-16,0.008434714033216046,opus,92.0,20.0,45.0
violence_explicit_4,execute,2,0.0018198611384229622,opus,72.0,30.0,100.0
violence_explicit_4,stab,-12,0.005155436284140979,opus,90.0,85.0,75.0
violence_explicit_4,make,-1,0.0020885993108669637,opus,15.0,5.0,5.0
violence_explicit_4,set,-6,0.0036420697696293767,opus,30.0,8.0,20.0
violence_explicit_4,chase,-1,0.0031798155932283106,opus,22.0,70.0,5.0
violence_explicit_4,pound,-10,0.004290695534590352,opus,78.0,82.0,35.0
violence_explicit_4,rape,-2,0.0032546094635584597,opus,95.0,75.0,8.0
violence_explicit_4,flog,-3,0.004308599510682053,opus,78.0,85.0,22.0
violence_explicit_4,mutilate,-6,0.002833656074323961,opus,95.0,40.0,55.0
violence_explicit_4,throw,-4,0.017461523668902395,opus,40.0,25.0,12.0
violence_explicit_4,tear,-16,0.016148702884221593,opus,70.0,48.0,25.0
violence_explicit_4,spit,-6,0.002555564168736014,opus,15.0,85.0,0.0
violence_explicit_4,torment,0,0.0018407248504119685,opus,60.0,12.0,10.0
violence_explicit_4,question,2,0.002054539085442806,opus,10.0,45.0,0.0
violence_explicit_4,attack,-4,0.013032164444964026,opus,65.0,20.0,30.0
violence_explicit_4,break,-3,0.00232500360293786,opus,62.0,30.0,20.0
violence_explicit_4,abuse,-10,0.005762330482794259,opus,55.0,15.0,8.0
violence_explicit_4,drag,-5,0.007128863340984407,opus,35.0,80.0,10.0
violence_explicit_4,stone,2,0.06210156699045917,opus,88.0,82.0,78.0
violence_explicit_4,strike,-13,0.004371498045312306,opus,58.0,55.0,18.0
violence_explicit_4,pelt,6,0.024101946689896406,opus,55.0,70.0,15.0
violence_explicit_4,take,-2,0.0021807502736699395,opus,15.0,6.0,5.0
violence_explicit_4,club,-3,0.002551047002796279,opus,82.0,85.0,50.0
violence_explicit_4,hack,-8,0.004230853691120943,opus,92.0,82.0,80.0
violence_explicit_4,shoot,-8,0.004023924721112701,opus,85.0,88.0,88.0
violence_explicit_4,jeer,2,0.0016787196124151617,opus,10.0,35.0,0.0
violence_explicit_4,fire,-2,0.002370372617414663,opus,80.0,50.0,78.0
violence_explicit_4,insult,0,0.002083725471848672,opus,8.0,20.0,0.0
violence_explicit_4,force,-2,0.002550684532816171,opus,35.0,8.0,8.0
violence_explicit_4,push,1,0.00424667352616882,opus,22.0,70.0,5.0
violence_explicit_4,run,0,0.0023641889585284356,opus,12.0,35.0,5.0
violence_explicit_4,tie,2,0.0023210325488183673,opus,30.0,80.0,8.0
violence_explicit_4,hang,-5,0.0035657757085471127,opus,82.0,85.0,92.0
violence_explicit_4,stoning,4,0.003911403783900384,opus,88.0,80.0,78.0
violence_explicit_4,punch,-6,0.0030654625602621922,opus,62.0,88.0,12.0
violence_explicit_4,cut,-14,0.004690941762266909,opus,72.0,55.0,40.0
violence_liminal_1,arrest,3,0.07598241912988561,opus,30.0,65.0,2.0
violence_liminal_1,repress,-2,0.002234448889911398,opus,45.0,12.0,6.0
violence_liminal_1,interfere,-6,0.002854027293918192,opus,18.0,10.0,1.0
violence_liminal_1,pepper-spray,0,0.0022388282436819878,opus,55.0,88.0,2.0
violence_liminal_1,pull,-8,0.002877149583548192,opus,42.0,65.0,2.0
violence_liminal_1,teargas,-6,0.0024436999968002024,opus,62.0,85.0,7.0
violence_liminal_1,kill,-2,0.0022635629050317776,opus,95.0,40.0,100.0
violence_liminal_1,shut,0,0.0021426476295084568,opus,25.0,20.0,2.0
violence_liminal_1,enter,-4,0.00298525558447435,opus,20.0,50.0,2.0
violence_liminal_1,fight,-2,0.0021169053645430282,opus,62.0,40.0,6.0
violence_liminal_1,hit,-10,0.0036456708108735733,opus,70.0,65.0,6.0
violence_liminal_1,apprehend,2,0.0014883591213960753,opus,28.0,45.0,2.0
violence_liminal_1,move,-7,0.027476051999852473,opus,25.0,35.0,2.0
violence_liminal_1,assault,-18,0.003697364674196205,opus,82.0,40.0,12.0
violence_liminal_1,search,-2,0.004033536250897242,opus,18.0,55.0,1.0
violence_liminal_1,spray,-14,0.004515894068248683,opus,48.0,72.0,2.0
violence_liminal_1,charge,-6,0.014239114629851732,opus,68.0,72.0,8.0
violence_liminal_1,surround,-2,0.004407153362708437,opus,28.0,65.0,2.0
violence_liminal_1,dismantle,0,0.0031882390499188454,opus,30.0,45.0,2.0
violence_liminal_1,storm,-1,0.002445500350609867,opus,62.0,60.0,6.0
violence_liminal_1,drive,-9,0.0038084289787213904,opus,40.0,40.0,8.0
violence_liminal_1,disperse,12,0.07320126628860761,opus,38.0,45.0,3.0
violence_liminal_1,enforce,5,0.003699162879136736,opus,28.0,15.0,3.0
violence_liminal_1,target,0,0.0022773134646817544,opus,48.0,15.0,8.0
violence_liminal_1,show,3,0.002479617917235018,opus,22.0,15.0,2.0
violence_liminal_1,beat,-23,0.03809472581379494,opus,85.0,78.0,15.0
violence_liminal_1,brutally,-3,0.002030109323257126,opus,88.0,6.0,18.0
violence_liminal_1,try,-11,0.005618672028107773,opus,12.0,4.0,2.0
violence_liminal_1,arrive,-3,0.003602467637807286,opus,8.0,55.0,1.0
violence_liminal_1,turn,-2,0.0023559301984202806,opus,45.0,20.0,5.0
violence_liminal_1,indiscriminately,-3,0.002771808644569742,opus,65.0,5.0,12.0
violence_liminal_1,tear-gas,-5,0.004477773400496128,opus,62.0,85.0,7.0
violence_liminal_1,react,-1,0.0017861797749600364,opus,20.0,8.0,3.0
violence_liminal_1,deploy,2,0.0037497239179722017,opus,40.0,40.0,4.0
violence_liminal_1,forcefully,1,0.004514296454165908,opus,55.0,5.0,5.0
violence_liminal_1,make,-3,0.013513450454829351,opus,25.0,25.0,2.0
violence_liminal_1,advance,2,0.0033173949911848395,opus,40.0,60.0,3.0
violence_liminal_1,detain,-13,0.005891795489644806,opus,28.0,55.0,2.0
violence_liminal_1,carry,-2,0.002002403179720904,opus,22.0,45.0,1.0
violence_liminal_1,set,-2,0.0021041609850026293,opus,20.0,30.0,2.0
violence_liminal_1,control,-2,0.0016405378287464416,opus,25.0,20.0,2.0
violence_liminal_1,chase,-13,0.006494336911193659,opus,40.0,70.0,3.0
violence_liminal_1,round,-1,0.003856301266431122,opus,35.0,45.0,2.0
violence_liminal_1,intervene,3,0.011422172972975346,opus,25.0,15.0,2.0
violence_liminal_1,close,-2,0.00457224464533651,opus,30.0,50.0,2.0
violence_liminal_1,raid,-3,0.0029647218572111645,opus,48.0,45.0,5.0
violence_liminal_1,attempt,-1,0.0023340249124355603,opus,15.0,5.0,2.0
violence_liminal_1,cordon,0,0.0021843028579718315,opus,15.0,55.0,1.0
violence_liminal_1,throw,-26,0.007527849756881431,opus,50.0,35.0,8.0
violence_liminal_1,tear,-14,0.018687504983640312,opus,40.0,30.0,4.0
violence_liminal_1,harass,-6,0.0029537944151349386,opus,40.0,20.0,2.0
violence_liminal_1,act,-4,0.002717898140483868,opus,18.0,5.0,2.0
violence_liminal_1,attack,-14,0.03072804133353838,opus,78.0,45.0,15.0
violence_liminal_1,pepper,-8,0.006095392709435668,opus,50.0,45.0,2.0
violence_liminal_1,evacuate,-2,0.0018807255889341304,opus,15.0,40.0,1.0
violence_liminal_1,break,-8,0.020032426367802322,opus,40.0,40.0,3.0
violence_liminal_1,use,13,0.14447791017805517,opus,40.0,15.0,4.0
violence_liminal_1,be,-2,0.002279356953403071,opus,8.0,2.0,2.0
violence_liminal_1,drag,-8,0.0033892506372009148,opus,55.0,80.0,2.0
violence_liminal_1,retaliate,-3,0.003706797416815271,opus,55.0,12.0,6.0
violence_liminal_1,forcibly,-1,0.007612073614977849,opus,52.0,6.0,4.0
violence_liminal_1,open,-10,0.007120744046954295,opus,78.0,40.0,60.0
violence_liminal_1,strike,-4,0.002298541300224105,opus,75.0,62.0,10.0
violence_liminal_1,confiscate,-3,0.002334220695922814,opus,18.0,55.0,1.0
violence_liminal_1,baton,-4,0.0037575684210446876,opus,78.0,82.0,10.0
violence_liminal_1,take,-13,0.007795457319874268,opus,25.0,20.0,2.0
violence_liminal_1,club,-3,0.0031144228981263428,opus,80.0,85.0,12.0
violence_liminal_1,crack,2,0.008019180046760995,opus,50.0,18.0,5.0
violence_liminal_1,shoot,-17,0.026234863703601553,opus,90.0,70.0,75.0
violence_liminal_1,fire,-13,0.06846727579825657,opus,82.0,65.0,55.0
violence_liminal_1,force,-12,0.005716667704858077,opus,48.0,40.0,3.0
violence_liminal_1,crackdown,4,0.0021845041343436828,opus,50.0,15.0,6.0
violence_liminal_1,push,-6,0.016657190804116654,opus,42.0,65.0,3.0
violence_liminal_1,physically,-1,0.004066967359128461,opus,50.0,8.0,4.0
violence_liminal_1,clear,3,0.0256786202028924,opus,35.0,45.0,3.0
violence_liminal_1,respond,6,0.006339501369866788,opus,18.0,10.0,3.0
violence_liminal_1,violently,-2,0.005271373409608058,opus,85.0,5.0,15.0
violence_liminal_1,threaten,0,0.00203985331855759,opus,35.0,25.0,3.0
violence_liminal_1,escort,-2,0.002352048679376295,opus,12.0,50.0,1.0
violence_liminal_1,riot,-1,0.002390825771795909,opus,72.0,35.0,8.0
violence_liminal_1,suppress,3,0.002186809454124939,opus,45.0,20.0,10.0
violence_liminal_1,stop,-4,0.0024316185781224882,opus,22.0,30.0,2.0
violence_liminal_1,clash,5,0.003214573500392599,opus,58.0,50.0,8.0
violence_liminal_1,block,-6,0.003991734721629038,opus,15.0,50.0,1.0
violence_liminal_1,evict,-7,0.004151667807717847,opus,32.0,40.0,2.0
violence_liminal_1,remove,-11,0.0214885783442407,opus,30.0,40.0,2.0
violence_liminal_1,confront,2,0.0017814176714486,opus,35.0,35.0,3.0
violence_liminal_1,aggressively,4,0.002242200330209695,opus,58.0,6.0,5.0
violence_liminal_2,started,9,0.03210851097319345,opus,10.0,10.0,5.0
violence_liminal_2,stood,-10,0.005745447013323151,opus,8.0,40.0,3.0
violence_liminal_2,pushed,-14,0.0033951863392891854,opus,40.0,38.0,30.0
violence_liminal_2,got,-4,0.002988539725239657,opus,8.0,12.0,3.0
violence_liminal_2,lifted,-4,0.002215218539616113,opus,20.0,50.0,8.0
violence_liminal_2,took,-2,0.01643057201311469,opus,8.0,25.0,3.0
violence_liminal_2,smiled,3,0.0027411199735906354,opus,12.0,50.0,3.0
violence_liminal_2,lunged,1,0.0016901081684738016,opus,78.0,65.0,50.0
violence_liminal_2,left,-5,0.0030281178541798404,opus,6.0,45.0,2.0
violence_liminal_2,wiped,1,0.010738713871916104,opus,12.0,60.0,3.0
violence_liminal_2,tried,-14,0.0048538831325588,opus,12.0,8.0,6.0
violence_liminal_2,crept,0,0.0018466213790629474,opus,35.0,45.0,15.0
violence_liminal_2,proceeded,-9,0.004337427297364728,opus,15.0,8.0,8.0
violence_liminal_2,continued,-2,0.0035060432749633393,opus,10.0,10.0,5.0
violence_liminal_2,reached,-1,0.0025989816663330788,opus,10.0,35.0,4.0
violence_liminal_2,placed,-5,0.018239662162349925,opus,4.0,60.0,1.0
violence_liminal_2,approached,14,0.005299758284515487,opus,35.0,40.0,15.0
violence_liminal_2,headed,-4,0.007238106015806345,opus,12.0,40.0,5.0
violence_liminal_2,gestured,2,0.0013851506420446932,opus,25.0,45.0,6.0
violence_liminal_2,sat,-7,0.003819869979347662,opus,3.0,55.0,1.0
violence_liminal_2,came,-8,0.004224055011523066,opus,28.0,25.0,12.0
violence_liminal_2,raised,-3,0.003533260656221929,opus,35.0,55.0,20.0
violence_liminal_2,saw,-3,0.0035003840206947238,opus,6.0,35.0,2.0
violence_liminal_2,cleaned,2,0.0016696959882908492,opus,8.0,55.0,2.0
violence_liminal_2,flicked,-7,0.0032045310257595733,opus,15.0,45.0,5.0
violence_liminal_2,dropped,-15,0.004651311053693416,opus,8.0,60.0,3.0
violence_liminal_2,stuck,-18,0.005272002698270403,opus,55.0,50.0,40.0
violence_liminal_2,slit,-7,0.0036442171319397945,opus,90.0,85.0,92.0
violence_liminal_2,walked,9,0.04220800726127828,opus,8.0,50.0,3.0
violence_liminal_2,stepped,1,0.0038786097516605423,opus,20.0,45.0,6.0
violence_liminal_2,drove,-2,0.0027956377536901794,opus,75.0,55.0,65.0
violence_liminal_2,checked,2,0.002199755818826595,opus,5.0,40.0,2.0
violence_liminal_2,hesitated,4,0.001253473980751379,opus,15.0,35.0,5.0
violence_liminal_2,swung,-5,0.004338554644835483,opus,70.0,60.0,45.0
violence_liminal_2,used,-15,0.009902400032622403,opus,20.0,12.0,10.0
violence_liminal_2,said,-8,0.008698700061370536,opus,8.0,25.0,2.0
violence_liminal_2,slid,-5,0.010027833139930525,opus,30.0,45.0,25.0
violence_liminal_2,inserted,2,0.001530413327422154,opus,40.0,35.0,25.0
violence_liminal_2,pointed,-6,0.008637167758449917,opus,40.0,60.0,15.0
violence_liminal_2,pressed,1,0.0046221199454495685,opus,50.0,50.0,25.0
violence_liminal_2,began,12,0.04247843021155171,opus,12.0,10.0,6.0
violence_liminal_2,tested,3,0.0027595700125369682,opus,12.0,50.0,3.0
violence_liminal_2,tossed,-9,0.007148714291011762,opus,18.0,50.0,8.0
violence_liminal_2,glanced,9,0.003116882575619745,opus,4.0,45.0,2.0
violence_liminal_2,looked,8,0.020579026234929656,opus,5.0,35.0,2.0
violence_liminal_2,waved,-4,0.004000025514077401,opus,30.0,55.0,8.0
violence_liminal_2,turned,8,0.02233497525542472,opus,15.0,45.0,5.0
violence_liminal_2,aimed,3,0.001996942078102995,opus,45.0,50.0,20.0
violence_liminal_2,went,-9,0.025050209483281977,opus,12.0,20.0,5.0
violence_liminal_2,made,-1,0.00779546624925515,opus,10.0,12.0,4.0
violence_liminal_2,shoved,-11,0.0031526650650804252,opus,40.0,38.0,25.0
violence_liminal_2,put,-14,0.02363275007721819,opus,15.0,35.0,6.0
violence_liminal_2,picked,-2,0.0023930191010078784,opus,8.0,25.0,3.0
violence_liminal_2,set,-5,0.006471703574568242,opus,4.0,50.0,1.0
violence_liminal_2,thrust,-16,0.0035345061029210343,opus,75.0,65.0,60.0
violence_liminal_2,leaned,-1,0.0032612972085923264,opus,10.0,45.0,3.0
violence_liminal_2,opened,-17,0.0068942754694556315,opus,5.0,40.0,2.0
violence_liminal_2,stared,15,0.007958241261453803,opus,5.0,45.0,2.0
violence_liminal_2,flipped,-4,0.0035737696413624823,opus,15.0,50.0,4.0
violence_liminal_2,stabbed,-23,0.022237179125186874,opus,92.0,85.0,75.0
violence_liminal_2,chopped,-1,0.002329582766522681,opus,12.0,65.0,4.0
violence_liminal_2,grabbed,-10,0.003219152294892666,opus,35.0,40.0,12.0
violence_liminal_2,handed,0,0.013830119904682097,opus,5.0,65.0,2.0
violence_liminal_2,twisted,3,0.0017272802350327939,opus,30.0,35.0,15.0
violence_liminal_2,slashed,-14,0.005833113538862426,opus,85.0,75.0,55.0
violence_liminal_2,felt,1,0.003056415311610604,opus,8.0,35.0,3.0
violence_liminal_2,pulled,-14,0.004513546442806204,opus,25.0,30.0,10.0
violence_liminal_2,passed,-3,0.0025139231094881303,opus,8.0,45.0,3.0
violence_liminal_2,ran,-6,0.012584467588143255,opus,25.0,30.0,10.0
violence_liminal_2,traced,2,0.002017811183752459,opus,35.0,50.0,8.0
violence_liminal_2,dipped,0,0.002190220270766876,opus,5.0,55.0,2.0
violence_liminal_2,carried,0,0.0033711966791954563,opus,12.0,50.0,4.0
violence_liminal_2,sharpened,2,0.0016804461277941133,opus,20.0,70.0,4.0
violence_liminal_2,studied,7,0.003996848058617809,opus,4.0,40.0,2.0
violence_liminal_2,held,20,0.04993208738087914,opus,20.0,40.0,6.0
violence_liminal_2,wrapped,-2,0.002503010283798491,opus,5.0,60.0,2.0
violence_liminal_2,decided,0,0.003386625014990233,opus,12.0,8.0,6.0
violence_liminal_2,sheathed,4,0.0021580370475767665,opus,5.0,60.0,1.0
violence_liminal_2,gripped,4,0.0018504211844819565,opus,20.0,55.0,5.0
violence_liminal_2,drew,-6,0.0029289451707972206,opus,45.0,40.0,30.0
violence_liminal_2,twirled,5,0.001660297624158407,opus,18.0,60.0,4.0
violence_liminal_2,inspected,4,0.002916418427594283,opus,4.0,45.0,2.0
violence_liminal_2,watched,0,0.0023727463584874158,opus,10.0,40.0,3.0
violence_liminal_2,did,-2,0.002181600358869135,opus,10.0,5.0,8.0
violence_liminal_2,returned,-6,0.006456189892577136,opus,4.0,45.0,1.0
violence_liminal_2,slipped,-5,0.00423675622123739,opus,12.0,45.0,5.0
violence_liminal_2,laid,-5,0.004847054393542795,opus,3.0,55.0,1.0
violence_liminal_2,examined,26,0.006882870548683712,opus,4.0,45.0,2.0
violence_liminal_2,brought,-1,0.010270634950302443,opus,40.0,30.0,30.0
violence_liminal_2,moved,3,0.009276844993419103,opus,20.0,20.0,8.0
violence_liminal_2,slammed,-4,0.0025759201733358246,opus,52.0,45.0,25.0
violence_liminal_2,prepared,4,0.0035528233191153068,opus,8.0,12.0,4.0
violence_liminal_2,threw,-21,0.01201419009640245,opus,45.0,55.0,25.0
violence_liminal_2,cut,-17,0.02810183963607256,opus,35.0,55.0,18.0
violence_liminal_2,sliced,-2,0.0189112250831542,opus,45.0,60.0,22.0
violence_liminal_2,plunged,-6,0.0056557101720559316,opus,90.0,80.0,78.0
violence_liminal_2,gave,-8,0.005558275505486052,opus,8.0,35.0,3.0
violence_liminal_3,shout,2,0.008434124420892015,opus,20.0,60.0,0.0
violence_liminal_3,find,-4,0.002495769569983619,opus,3.0,12.0,0.0
violence_liminal_3,murder,-16,0.004530646271092256,opus,92.0,20.0,100.0
violence_liminal_3,pull,-7,0.004659986674729,opus,25.0,55.0,2.0
violence_liminal_3,kill,-21,0.09967255339733702,opus,90.0,15.0,100.0
violence_liminal_3,do,-6,0.010261251396011207,opus,4.0,5.0,1.0
violence_liminal_3,vomit,-13,0.004294025214299056,opus,5.0,75.0,0.0
violence_liminal_3,fight,-3,0.007611157950053773,opus,55.0,40.0,8.0
violence_liminal_3,hit,-1,0.04811100543788764,opus,60.0,70.0,8.0
violence_liminal_3,strangle,3,0.013406924111107185,opus,88.0,90.0,75.0
violence_liminal_3,burn,-6,0.005386205672512894,opus,80.0,70.0,55.0
violence_liminal_3,rip,-8,0.01362942654255859,opus,62.0,60.0,15.0
violence_liminal_3,scratch,-2,0.0025429222093916915,opus,45.0,78.0,1.0
violence_liminal_3,say,-11,0.005248000278602497,opus,3.0,12.0,0.0
violence_liminal_3,leave,-10,0.008362135105219513,opus,2.0,25.0,0.0
violence_liminal_3,pick,-5,0.002724371058195275,opus,8.0,20.0,0.0
violence_liminal_3,send,1,0.001904471633422621,opus,4.0,12.0,0.0
violence_liminal_3,stay,0,0.0017056157324297954,opus,1.0,15.0,0.0
violence_liminal_3,scream,25,0.0746775349314776,opus,22.0,70.0,0.0
violence_liminal_3,choke,-3,0.0026964611728201716,opus,85.0,88.0,65.0
violence_liminal_3,lash,3,0.004689404964211713,opus,50.0,35.0,3.0
violence_liminal_3,die,-15,0.010141423658580014,opus,20.0,12.0,95.0
violence_liminal_3,bash,1,0.0017377269748751851,opus,78.0,75.0,45.0
violence_liminal_3,beat,-14,0.011418218784114779,opus,78.0,72.0,25.0
violence_liminal_3,come,-2,0.0021679710173717346,opus,2.0,15.0,0.0
violence_liminal_3,kick,-17,0.013097064892041823,opus,60.0,88.0,5.0
violence_liminal_3,jump,-12,0.007462948627194018,opus,12.0,55.0,1.0
violence_liminal_3,smash,7,0.015070148898678172,opus,70.0,65.0,20.0
violence_liminal_3,turn,-7,0.002984898067244075,opus,3.0,28.0,0.0
violence_liminal_3,shake,-1,0.005594232755846649,opus,40.0,70.0,5.0
violence_liminal_3,stomp,0,0.0021988788227389902,opus,55.0,80.0,15.0
violence_liminal_3,bite,-2,0.00782873288469185,opus,60.0,85.0,5.0
violence_liminal_3,hurl,-1,0.002320606996997494,opus,28.0,42.0,3.0
violence_liminal_3,go,-14,0.016161942634261586,opus,2.0,15.0,0.0
violence_liminal_3,get,-17,0.010490718493268625,opus,6.0,8.0,1.0
violence_liminal_3,stab,-13,0.004087463326425802,opus,88.0,88.0,65.0
violence_liminal_3,claw,0,0.0025312158467821464,opus,65.0,75.0,8.0
violence_liminal_3,know,-3,0.0030057418601286503,opus,2.0,5.0,0.0
violence_liminal_3,slap,-8,0.016862463271952986,opus,45.0,90.0,1.0
violence_liminal_3,make,-9,0.00473560161741514,opus,3.0,8.0,0.0
violence_liminal_3,burst,-2,0.004131527779749641,opus,12.0,20.0,1.0
violence_liminal_3,explode,4,0.005169170428399978,opus,35.0,20.0,10.0
violence_liminal_3,put,-12,0.0038064679087592827,opus,3.0,8.0,0.0
violence_liminal_3,smack,-7,0.0053883529397318755,opus,45.0,85.0,2.0
violence_liminal_3,blow,-2,0.003446549605315324,opus,22.0,15.0,5.0
violence_liminal_3,snap,0,0.0017093471170412454,opus,25.0,20.0,3.0
violence_liminal_3,slam,0,0.0021784804411686164,opus,50.0,65.0,5.0
violence_liminal_3,set,0,0.0020706099749945093,opus,15.0,12.0,5.0
violence_liminal_3,knock,-4,0.0030287213852592063,opus,45.0,55.0,8.0
violence_liminal_3,pound,-1,0.0025611836931463735,opus,60.0,70.0,12.0
violence_liminal_3,bang,-3,0.002187620653349284,opus,30.0,40.0,2.0
violence_liminal_3,have,-8,0.003361911351837904,opus,1.0,5.0,0.0
violence_liminal_3,destroy,8,0.006742033683508699,opus,70.0,20.0,20.0
violence_liminal_3,quit,-2,0.0029027703511298234,opus,2.0,12.0,0.0
violence_liminal_3,throw,-2,0.03916582125089308,opus,32.0,42.0,5.0
violence_liminal_3,spit,-6,0.012581721112098732,opus,30.0,85.0,0.0
violence_liminal_3,tear,-1,0.016205701370444348,opus,62.0,60.0,12.0
violence_liminal_3,see,-7,0.002969520985617993,opus,2.0,10.0,0.0
violence_liminal_3,attack,-2,0.0032301456877640387,opus,70.0,30.0,25.0
violence_liminal_3,throttle,0,0.00393715791096849,opus,82.0,82.0,68.0
violence_liminal_3,grab,-10,0.004287749416743154,opus,30.0,60.0,2.0
violence_liminal_3,break,6,0.014664745089802766,opus,45.0,40.0,8.0
violence_liminal_3,tell,-11,0.005920486556123753,opus,5.0,15.0,0.0
violence_liminal_3,drop,0,0.0013231170959583486,opus,8.0,30.0,2.0
violence_liminal_3,be,-16,0.006563387674007655,opus,1.0,5.0,0.0
violence_liminal_3,strike,-4,0.004917866285869312,opus,62.0,60.0,10.0
violence_liminal_3,yell,0,0.006267367391239931,opus,20.0,62.0,0.0
violence_liminal_3,curse,0,0.002378713588109616,opus,15.0,25.0,0.0
violence_liminal_3,call,-10,0.004341536405043693,opus,5.0,20.0,0.0
violence_liminal_3,start,-6,0.003129600159230745,opus,5.0,10.0,0.0
violence_liminal_3,take,-6,0.012938844942306642,opus,4.0,8.0,0.0
violence_liminal_3,drown,1,0.0017657903331713062,opus,78.0,78.0,88.0
violence_liminal_3,hurt,4,0.01743925522663383,opus,55.0,20.0,12.0
violence_liminal_3,shoot,-21,0.00515492285303965,opus,90.0,85.0,80.0
violence_liminal_3,fire,-3,0.0019201307330903555,opus,30.0,25.0,25.0
violence_liminal_3,commit,-1,0.0020262127908814145,opus,30.0,8.0,30.0
violence_liminal_3,cry,0,0.04078044971851921,opus,3.0,55.0,0.0
violence_liminal_3,give,-12,0.005525714406444469,opus,5.0,10.0,0.0
violence_liminal_3,eat,-11,0.0037014703612831767,opus,5.0,40.0,0.0
violence_liminal_3,push,-2,0.0020149331071474532,opus,30.0,70.0,5.0
violence_liminal_3,run,-8,0.010156619841120932,opus,2.0,50.0,0.0
violence_liminal_3,punish,0,0.002519697799518355,opus,45.0,15.0,5.0
violence_liminal_3,stop,2,0.0020251709227472096,opus,3.0,10.0,0.0
violence_liminal_3,write,0,0.0021082571232896707,opus,2.0,25.0,0.0
violence_liminal_3,punch,3,0.033635763468015584,opus,65.0,90.0,5.0
violence_liminal_3,cut,-13,0.004645739451041623,opus,65.0,58.0,30.0
violence_liminal_3,puke,-2,0.002239546400837688,opus,5.0,75.0,0.0
violence_liminal_3,confront,2,0.001673896355727074,opus,25.0,25.0,1.0
violence_liminal_4,started,-15,0.0077143740203184175,opus,15.0,15.0,5.0
violence_liminal_4,stood,-1,0.0027540252729824585,opus,10.0,45.0,2.0
violence_liminal_4,addressed,2,0.0015935226776017108,opus,15.0,35.0,3.0
violence_liminal_4,faced,2,0.001749001888942951,opus,20.0,45.0,3.0
violence_liminal_4,took,16,0.05347061760025836,opus,25.0,30.0,10.0
violence_liminal_4,shot,-18,0.07796751170149052,opus,80.0,80.0,75.0
violence_liminal_4,loaded,3,0.001649764004235051,opus,30.0,70.0,10.0
violence_liminal_4,yelled,-7,0.0031880235129227745,opus,30.0,50.0,3.0
violence_liminal_4,shouted,1,0.010213744973066383,opus,30.0,50.0,3.0
violence_liminal_4,tried,-2,0.002848989364486181,opus,15.0,15.0,5.0
violence_liminal_4,placed,-6,0.0026399907924092234,opus,15.0,35.0,3.0
violence_liminal_4,approached,2,0.001639196979286024,opus,25.0,55.0,5.0
violence_liminal_4,squeezed,0,0.007209965904224637,opus,55.0,80.0,50.0
violence_liminal_4,steadied,3,0.0014045669701758657,opus,30.0,65.0,10.0
violence_liminal_4,saw,-1,0.002531964759418206,opus,10.0,30.0,2.0
violence_liminal_4,raised,-2,0.0034135176983400546,opus,20.0,40.0,3.0
violence_liminal_4,struck,-2,0.001957860567471406,opus,60.0,55.0,20.0
violence_liminal_4,advanced,0,0.00269642439136715,opus,30.0,55.0,5.0
violence_liminal_4,charged,0,0.0037575607218584485,opus,50.0,50.0,15.0
violence_liminal_4,surveyed,3,0.0015342848470271235,opus,15.0,40.0,3.0
violence_liminal_4,discharged,-4,0.002552516727813785,opus,45.0,70.0,40.0
violence_liminal_4,gazed,3,0.002145798809976465,opus,10.0,40.0,2.0
violence_liminal_4,stepped,2,0.0029745348645681706,opus,15.0,50.0,3.0
violence_liminal_4,walked,-1,0.0025368320592607245,opus,15.0,50.0,3.0
violence_liminal_4,trained,0,0.004116484724065651,opus,40.0,60.0,15.0
violence_liminal_4,levelled,-2,0.001679312377298648,opus,35.0,70.0,12.0
violence_liminal_4,asked,2,0.0026061469336287877,opus,25.0,45.0,5.0
violence_liminal_4,swung,0,0.002345202295541559,opus,45.0,65.0,20.0
violence_liminal_4,said,-15,0.00863837050862002,opus,15.0,35.0,3.0
violence_liminal_4,sighted,3,0.00534879867567884,opus,30.0,60.0,12.0
violence_liminal_4,was,-19,0.006020921369595023,opus,12.0,10.0,3.0
violence_liminal_4,pointed,2,0.06498653238491527,opus,40.0,65.0,12.0
violence_liminal_4,pressed,-9,0.0036019487522869972,opus,40.0,45.0,30.0
violence_liminal_4,killed,-9,0.003662601396762887,opus,75.0,45.0,100.0
violence_liminal_4,began,-13,0.01602303149990047,opus,15.0,15.0,5.0
violence_liminal_4,glanced,1,0.002376470814008072,opus,10.0,50.0,2.0
violence_liminal_4,looked,-7,0.013171923556263994,opus,10.0,40.0,2.0
violence_liminal_4,cocked,-8,0.003120184265792227,opus,35.0,75.0,10.0
violence_liminal_4,readied,1,0.0016857236279125525,opus,30.0,45.0,10.0
violence_liminal_4,turned,-14,0.004134480617372994,opus,15.0,45.0,3.0
violence_liminal_4,aimed,17,0.09751416160517888,opus,35.0,70.0,15.0
violence_liminal_4,let,-9,0.0051792387864710255,opus,25.0,20.0,15.0
violence_liminal_4,made,-3,0.00228106148839926,opus,15.0,20.0,3.0
violence_liminal_4,put,-21,0.005549013256052133,opus,15.0,25.0,3.0
violence_liminal_4,scanned,6,0.002166646732968235,opus,15.0,50.0,3.0
violence_liminal_4,leveled,-8,0.0047935785584814,opus,35.0,70.0,12.0
violence_liminal_4,opened,-21,0.010692124393648507,opus,55.0,45.0,45.0
violence_liminal_4,stared,0,0.0032221669081315706,opus,15.0,45.0,2.0
violence_liminal_4,squinted,2,0.0017121526999769846,opus,25.0,65.0,8.0
violence_liminal_4,nodded,2,0.0019471420302329566,opus,15.0,55.0,3.0
violence_liminal_4,pulled,-8,0.018250206964012847,opus,55.0,80.0,50.0
violence_liminal_4,ran,0,0.0017699881262432493,opus,15.0,50.0,3.0
violence_liminal_4,peered,3,0.0026203904976732895,opus,15.0,55.0,3.0
violence_liminal_4,blasted,-2,0.002247215480908239,opus,80.0,65.0,65.0
violence_liminal_4,held,-5,0.00428306248231717,opus,15.0,45.0,3.0
violence_liminal_4,fixed,2,0.0019902393986808015,opus,30.0,30.0,8.0
violence_liminal_4,locked,4,0.002471298586352179,opus,30.0,40.0,10.0
violence_liminal_4,waited,-6,0.003123659731271034,opus,15.0,40.0,3.0
violence_liminal_4,called,1,0.0025262454911062137,opus,15.0,40.0,3.0
violence_liminal_4,fire,-2,0.0019121108534958828,opus,65.0,60.0,50.0
violence_liminal_4,drew,-1,0.003390567070099527,opus,25.0,35.0,8.0
violence_liminal_4,fired,5,0.2709294674611724,opus,70.0,80.0,50.0
violence_liminal_4,emptied,-1,0.002723216433052908,opus,85.0,70.0,80.0
violence_liminal_4,brought,-18,0.004730135644805561,opus,20.0,30.0,3.0
violence_liminal_4,moved,-2,0.002335268839902184,opus,15.0,30.0,3.0
violence_liminal_4,prepared,10,0.008572321379851096,opus,25.0,25.0,8.0
violence_liminal_4,threw,0,0.001859070376495884,opus,25.0,40.0,5.0
violence_liminal_4,sent,-3,0.002398066614742659,opus,40.0,30.0,35.0
violence_liminal_4,gave,-7,0.003685537795874781,opus,20.0,25.0,5.0
violence_liminal_5,started,10,0.03155133238992548,opus,40.0,15.0,6.0
violence_liminal_5,pushed,-4,0.03753384998872397,opus,62.0,66.0,8.0
violence_liminal_5,bent,-4,0.0024045500931545844,opus,55.0,42.0,6.0
violence_liminal_5,lifted,2,0.026082568650308155,opus,72.0,68.0,40.0
violence_liminal_5,took,-7,0.0038325225162409923,opus,38.0,22.0,3.0
violence_liminal_5,yelled,-5,0.0031755999130882633,opus,45.0,66.0,5.0
violence_liminal_5,hissed,1,0.001677912634403203,opus,42.0,58.0,3.0
violence_liminal_5,shouted,-2,0.003574404905836854,opus,46.0,62.0,4.0
violence_liminal_5,hit,-9,0.002777053095857764,opus,72.0,70.0,12.0
violence_liminal_5,tried,-7,0.017169878134897818,opus,42.0,12.0,8.0
violence_liminal_5,told,-11,0.008441787619166854,opus,38.0,55.0,3.0
violence_liminal_5,rammed,-2,0.0018272190432213526,opus,82.0,50.0,35.0
violence_liminal_5,squeezed,12,0.03873300719959033,opus,78.0,82.0,55.0
violence_liminal_5,smothered,-1,0.0019888998305244974,opus,82.0,60.0,68.0
violence_liminal_5,raised,-5,0.0036928832755084317,opus,55.0,40.0,15.0
violence_liminal_5,jerked,-11,0.003915020503275138,opus,62.0,62.0,8.0
violence_liminal_5,throttled,3,0.002625724854579896,opus,85.0,72.0,62.0
violence_liminal_5,raped,-4,0.0022886830902725834,opus,98.0,70.0,12.0
violence_liminal_5,beat,-4,0.002540111613601947,opus,85.0,60.0,30.0
violence_liminal_5,smashed,-11,0.0049600348892799954,opus,82.0,55.0,35.0
violence_liminal_5,knocked,-1,0.001924021086571857,opus,72.0,58.0,22.0
violence_liminal_5,asked,-1,0.0023515049663804005,opus,40.0,60.0,3.0
violence_liminal_5,banged,-2,0.001892553765201493,opus,75.0,55.0,25.0
violence_liminal_5,swung,-6,0.0035597784789447562,opus,65.0,50.0,12.0
violence_liminal_5,yanked,-2,0.010302585784874358,opus,68.0,68.0,8.0
violence_liminal_5,used,-3,0.0020510320889295364,opus,40.0,10.0,8.0
violence_liminal_5,strangled,-6,0.007313054662519704,opus,92.0,80.0,82.0
violence_liminal_5,said,-1,0.02551136941033792,opus,38.0,58.0,3.0
violence_liminal_5,snapped,0,0.0018236194909928452,opus,58.0,33.0,30.0
violence_liminal_5,pressed,7,0.013069687265656417,opus,65.0,58.0,28.0
violence_liminal_5,killed,-2,0.0020816753095369584,opus,88.0,52.0,100.0
violence_liminal_5,began,11,0.03444275403868144,opus,40.0,12.0,5.0
violence_liminal_5,tossed,-9,0.0035451618372572317,opus,60.0,58.0,8.0
violence_liminal_5,pinned,-6,0.011283534694318666,opus,68.0,72.0,15.0
violence_liminal_5,dragged,-5,0.030103061355707762,opus,70.0,70.0,12.0
violence_liminal_5,punched,-16,0.005688690241436539,opus,78.0,82.0,12.0
violence_liminal_5,kissed,-11,0.008630588016060238,opus,50.0,78.0,2.0
violence_liminal_5,looked,-6,0.0033643458314202455,opus,38.0,55.0,3.0
violence_liminal_5,turned,-8,0.005155693134837665,opus,38.0,35.0,3.0
violence_liminal_5,attempted,-1,0.0019772547057177086,opus,45.0,12.0,10.0
violence_liminal_5,growled,1,0.0018339708443914679,opus,45.0,58.0,3.0
violence_liminal_5,slapped,-12,0.004278275467493468,opus,62.0,80.0,3.0
violence_liminal_5,led,0,0.0044470119904008705,opus,42.0,50.0,3.0
violence_liminal_5,made,-14,0.005270246785097135,opus,40.0,15.0,4.0
violence_liminal_5,shoved,-3,0.022935631505590037,opus,65.0,70.0,8.0
violence_liminal_5,put,-23,0.008001339557815497,opus,40.0,20.0,5.0
violence_liminal_5,picked,-3,0.0018103326474173576,opus,45.0,45.0,4.0
violence_liminal_5,thrust,-5,0.003126335712523858,opus,62.0,45.0,10.0
violence_liminal_5,hurled,-2,0.002386240821769805,opus,78.0,62.0,22.0
violence_liminal_5,stared,4,0.0020488351459883336,opus,40.0,62.0,3.0
violence_liminal_5,stabbed,-2,0.001994580487602321,opus,95.0,80.0,70.0
violence_liminal_5,spun,0,0.0027699005393517027,opus,55.0,62.0,5.0
violence_liminal_5,hauled,-2,0.0031546188535448503,opus,62.0,62.0,8.0
violence_liminal_5,grabbed,0,0.0020622243667038475,opus,52.0,35.0,6.0
violence_liminal_5,twisted,-4,0.007688449444465602,opus,70.0,52.0,25.0
violence_liminal_5,crushed,-8,0.004009915569706443,opus,85.0,62.0,58.0
violence_liminal_5,pulled,-1,0.0535515906509645,opus,55.0,55.0,6.0
violence_liminal_5,tightened,3,0.0022764998205942514,opus,72.0,80.0,45.0
violence_liminal_5,threatened,1,0.00830032011019411,opus,55.0,40.0,8.0
violence_liminal_5,bit,-5,0.0024752571947482933,opus,72.0,70.0,8.0
violence_liminal_5,ran,-2,0.002078441945931303,opus,42.0,30.0,3.0
violence_liminal_5,shook,0,0.024310049890791493,opus,68.0,72.0,15.0
violence_liminal_5,forced,3,0.027308072672043573,opus,70.0,30.0,8.0
violence_liminal_5,ripped,-14,0.004044850495841819,opus,78.0,50.0,15.0
violence_liminal_5,held,-1,0.035453145215277974,opus,58.0,55.0,25.0
violence_liminal_5,whispered,13,0.003873350824395412,opus,42.0,62.0,3.0
violence_liminal_5,flung,-9,0.0038332021330805205,opus,75.0,62.0,18.0
violence_liminal_5,hoisted,3,0.0020420731473233074,opus,68.0,68.0,35.0
violence_liminal_5,covered,-2,0.0018635493544339444,opus,62.0,55.0,30.0
violence_liminal_5,drew,-2,0.0026390078036661003,opus,50.0,30.0,15.0
violence_liminal_5,tore,-1,0.002444815251252814,opus,76.0,48.0,12.0
violence_liminal_5,demanded,3,0.0032965052264638203,opus,45.0,52.0,3.0
violence_liminal_5,screamed,-4,0.004079377189271342,opus,48.0,62.0,5.0
violence_liminal_5,snarled,2,0.001606144534707274,opus,48.0,60.0,4.0
violence_liminal_5,brought,-10,0.003950154777611497,opus,42.0,30.0,4.0
violence_liminal_5,choked,3,0.017460369679622476,opus,88.0,82.0,60.0
violence_liminal_5,kicked,-3,0.002010511146866742,opus,78.0,78.0,15.0
violence_liminal_5,slammed,15,0.03774075521088277,opus,80.0,62.0,25.0
violence_liminal_5,threw,-13,0.04333910424261499,opus,72.0,62.0,18.0
violence_liminal_5,cut,-2,0.0018673909138917895,opus,85.0,62.0,45.0
violence_liminal_5,gave,-10,0.0037542001517092945,opus,38.0,20.0,3.0
