corpus_id,variant,author,idx,n_chars,n_words,blt_bits_per_char
human/original/joyce,original,joyce,0,622,100,2.1501130211293202
human/original/joyce,original,joyce,1,650,100,2.451597713260113
human/original/joyce,original,joyce,2,671,100,2.2963489411178375
human/original/joyce,original,joyce,3,570,100,2.514142779334683
human/original/joyce,original,joyce,4,572,100,2.231310471825896
human/original/joyce,original,joyce,5,652,100,2.4770202499554093
human/original/joyce,original,joyce,6,650,100,2.7573808806212656
human/original/joyce,original,joyce,7,596,100,2.2943384988744566
human/original/joyce,original,joyce,8,559,100,2.3176553670579505
human/original/joyce,original,joyce,9,726,100,2.25527740994252
human/original/joyce,original,joyce,10,566,100,2.6513486247741085
human/original/joyce,original,joyce,11,614,100,2.2884091162885363
human/original/joyce,original,joyce,12,556,100,2.423058216678081
human/original/joyce,original,joyce,13,585,100,2.890726583790802
human/original/joyce,original,joyce,14,545,100,2.511584131033762
human/original/joyce,original,joyce,15,592,100,2.3954192717581426
human/original/joyce,original,joyce,16,606,100,2.6542288112880157
human/original/joyce,original,joyce,17,637,100,2.3171802373333086
human/original/joyce,original,joyce,18,560,100,1.8100428114200025
human/original/joyce,original,joyce,19,609,100,3.4009396097932325
human/original/joyce,original,joyce,20,586,100,2.077864350776182
human/original/joyce,original,joyce,21,614,100,2.3431032652631036
human/original/joyce,original,joyce,22,615,100,2.2361217360408467
human/original/joyce,original,joyce,23,611,100,2.2675715303904362
human/original/joyce,original,joyce,24,632,100,2.3811852315689483
human/original/joyce,original,joyce,25,564,100,2.136861828647306
human/original/joyce,original,joyce,26,575,100,2.4869857063289333
human/original/joyce,original,joyce,27,712,100,2.364322295893121
human/original/joyce,original,joyce,28,540,100,2.487063823847112
human/original/joyce,original,joyce,29,625,100,2.4213785897352045
human/original/joyce,original,joyce,30,609,100,2.433684382624919
human/original/joyce,original,joyce,31,546,100,2.2717627341337137
human/original/joyce,original,joyce,32,554,100,2.326174975045222
human/original/joyce,original,joyce,33,524,100,2.1323084229161777
human/original/joyce,original,joyce,34,591,100,2.2071891178446745
human/original/joyce,original,joyce,35,578,100,1.875849505537906
human/original/joyce,original,joyce,36,600,100,2.1041947620539054
human/original/joyce,original,joyce,37,618,100,2.4009660431801354
human/original/joyce,original,joyce,38,581,100,3.1382898685907885
human/original/joyce,original,joyce,39,545,100,2.5985514492726405
human/original/joyce,original,joyce,40,599,100,2.093855086318309
human/original/joyce,original,joyce,41,560,100,2.09226949546679
human/original/joyce,original,joyce,42,637,100,2.186696452253799
human/original/joyce,original,joyce,43,630,100,2.215353040959118
human/original/joyce,original,joyce,44,595,100,2.362200241010988
human/original/joyce,original,joyce,45,577,100,2.4984976281976694
human/original/joyce,original,joyce,46,597,100,2.4338862649262825
human/original/joyce,original,joyce,47,638,100,2.28345149264439
human/original/joyce,original,joyce,48,605,100,2.702405985709232
human/original/joyce,original,joyce,49,580,100,2.7214052941192395
human/original/joyce,original,joyce,50,613,100,2.599151435644263
human/original/joyce,original,joyce,51,630,100,2.648076988905374
human/original/joyce,original,joyce,52,651,100,2.5678866865642007
human/original/joyce,original,joyce,53,613,100,1.9765202126589676
human/original/joyce,original,joyce,54,556,100,2.473683060304443
human/original/joyce,original,joyce,55,621,100,2.5080039954095277
human/original/joyce,original,joyce,56,613,100,2.300524336400644
human/original/joyce,original,joyce,57,582,100,2.341352012830412
human/original/joyce,original,joyce,58,519,100,1.901099067688184
human/original/joyce,original,joyce,59,572,100,2.3765598640970125
human/original/joyce,original,joyce,60,555,100,2.2110785196878533
human/original/joyce,original,joyce,61,521,100,2.2198759586120693
human/original/joyce,original,joyce,62,556,100,2.5521103279432973
human/original/joyce,original,joyce,63,608,100,2.150694547495429
human/original/joyce,original,joyce,64,552,100,2.2518662313261624
human/original/joyce,original,joyce,65,538,100,2.26207874677989
human/original/joyce,original,joyce,66,565,100,2.088538797188203
human/original/joyce,original,joyce,67,559,100,2.2483262305061684
human/original/joyce,original,joyce,68,539,100,2.08318043764331
human/original/joyce,original,joyce,69,575,100,2.181986174993309
human/original/joyce,original,joyce,70,668,100,2.5487608800244703
human/original/joyce,original,joyce,71,554,100,2.369405512947177
human/original/joyce,original,joyce,72,571,100,2.597826850876477
human/original/joyce,original,joyce,73,581,100,2.3043897227603996
human/original/joyce,original,joyce,74,516,100,2.4835627545684256
human/original/joyce,original,joyce,75,545,100,2.1443815555156984
human/original/joyce,original,joyce,76,568,100,2.586730642254024
human/original/joyce,original,joyce,77,597,100,3.009209563699045
human/original/joyce,original,joyce,78,573,100,2.103389442283643
human/original/joyce,original,joyce,79,597,100,1.9234716132622742
human/original/joyce,original,joyce,80,521,100,2.23312127308271
human/original/joyce,original,joyce,81,546,100,2.028400794813894
human/original/joyce,original,joyce,82,552,100,2.3325733002218683
human/original/joyce,original,joyce,83,546,100,2.033690098590978
human/original/joyce,original,joyce,84,591,100,1.9978186332987853
human/original/joyce,original,joyce,85,600,100,2.292516896762011
human/original/joyce,original,joyce,86,566,100,2.2455270292079863
human/original/joyce,original,joyce,87,561,100,2.0306531076662693
human/original/joyce,original,joyce,88,618,100,2.2133684408847443
human/original/joyce,original,joyce,89,560,100,2.194666017787314
human/original/joyce,original,joyce,90,598,100,2.2500125702324305
human/original/joyce,original,joyce,91,556,100,1.8491674621406153
human/original/joyce,original,joyce,92,564,100,2.1586907176144554
human/original/joyce,original,joyce,93,552,100,2.4406824379938845
human/original/joyce,original,joyce,94,585,100,2.4791028295107984
human/original/joyce,original,joyce,95,573,100,2.407278944956904
human/original/joyce,original,joyce,96,618,100,2.2394813633549773
human/original/joyce,original,joyce,97,241,40,2.437723007847377
human/original/hemingway,original,hemingway,0,519,100,1.0445959922601542
human/original/hemingway,original,hemingway,1,490,100,0.9352416047378427
human/original/hemingway,original,hemingway,2,528,100,1.0583220090054508
human/original/hemingway,original,hemingway,3,505,100,1.2009356336736334
human/original/hemingway,original,hemingway,4,531,100,1.1506127519960847
human/original/hemingway,original,hemingway,5,544,100,1.1104283173036378
human/original/hemingway,original,hemingway,6,540,100,0.9010709879974751
human/original/hemingway,original,hemingway,7,494,100,1.1856806716157773
human/original/hemingway,original,hemingway,8,485,100,0.894840374266782
human/original/hemingway,original,hemingway,9,437,100,1.151729531898692
human/original/hemingway,original,hemingway,10,491,100,1.0001564173638136
human/original/hemingway,original,hemingway,11,241,44,1.21136757119781
human/original/anderson,original,anderson,0,538,100,1.2096788753888925
human/original/anderson,original,anderson,1,481,100,1.0825554677494302
human/original/anderson,original,anderson,2,512,100,0.962765910731114
human/original/anderson,original,anderson,3,515,100,2.5219480278869333
human/original/anderson,original,anderson,4,542,100,1.0075319012548003
human/original/anderson,original,anderson,5,543,100,0.9101426319785666
human/original/anderson,original,anderson,6,550,100,0.9649392334692835
human/original/anderson,original,anderson,7,550,100,1.257485261546098
human/original/anderson,original,anderson,8,541,100,0.9842420242586704
human/original/anderson,original,anderson,9,226,40,1.2381994024493281
human/original/mansfield,original,mansfield,0,532,100,0.9513879565470106
human/original/mansfield,original,mansfield,1,558,100,1.6132306438844812
human/original/mansfield,original,mansfield,2,567,100,1.2403991718150902
human/original/mansfield,original,mansfield,3,558,100,1.1399840101356704
human/original/mansfield,original,mansfield,4,562,100,1.17669801437141
human/original/mansfield,original,mansfield,5,535,100,1.1329171347456652
human/original/mansfield,original,mansfield,6,540,100,1.1661499046501735
human/original/mansfield,original,mansfield,7,565,100,1.1657678127084123
human/original/mansfield,original,mansfield,8,530,100,1.335502527144301
human/original/mansfield,original,mansfield,9,532,100,1.275768173892872
human/original/mansfield,original,mansfield,10,546,100,1.0350174306990036
human/original/mansfield,original,mansfield,11,577,100,1.8886573314418016
human/original/mansfield,original,mansfield,12,545,100,0.9898587448784969
human/original/mansfield,original,mansfield,13,522,100,1.370882822391012
human/original/mansfield,original,mansfield,14,584,100,1.2569982028493873
human/original/mansfield,original,mansfield,15,538,100,1.1417397379559215
human/original/mansfield,original,mansfield,16,567,100,1.160766985542276
human/original/mansfield,original,mansfield,17,545,100,1.3228168774344846
human/original/mansfield,original,mansfield,18,531,100,1.361980736301918
human/original/mansfield,original,mansfield,19,575,100,1.4152233673720993
human/original/mansfield,original,mansfield,20,535,100,1.6148813681756216
human/original/mansfield,original,mansfield,21,562,100,1.1881594820200942
human/original/mansfield,original,mansfield,22,583,100,1.3607125960225308
human/original/mansfield,original,mansfield,23,573,100,1.2131965018600672
human/original/mansfield,original,mansfield,24,575,100,1.9976501442288435
human/original/mansfield,original,mansfield,25,583,100,1.2341555761431897
human/original/mansfield,original,mansfield,26,537,100,1.4416961693504102
human/original/mansfield,original,mansfield,27,566,100,1.028623721635657
human/original/mansfield,original,mansfield,28,586,100,1.3772826076314557
human/original/mansfield,original,mansfield,29,577,100,1.2901491679008543
human/original/mansfield,original,mansfield,30,543,100,1.2205585295977575
human/original/mansfield,original,mansfield,31,580,100,1.2544019463678662
human/original/mansfield,original,mansfield,32,551,100,1.14805063108441
human/original/mansfield,original,mansfield,33,550,100,1.1705917392333536
human/original/mansfield,original,mansfield,34,565,100,0.9877231579746484
human/original/mansfield,original,mansfield,35,580,100,1.126029200445893
human/original/mansfield,original,mansfield,36,526,100,1.296904398644787
human/original/mansfield,original,mansfield,37,561,100,1.308846629695243
human/original/mansfield,original,mansfield,38,598,100,1.4240637683266346
human/original/mansfield,original,mansfield,39,556,100,1.7428360676572734
human/original/mansfield,original,mansfield,40,556,100,1.2608456662826393
human/original/mansfield,original,mansfield,41,533,100,1.2947768446516281
human/original/mansfield,original,mansfield,42,540,100,1.3450788212676883
human/original/mansfield,original,mansfield,43,537,100,1.4473592175379149
human/original/mansfield,original,mansfield,44,547,100,1.3323330902098898
human/original/mansfield,original,mansfield,45,488,100,1.110477849079798
human/original/mansfield,original,mansfield,46,532,100,1.165313055149562
human/original/mansfield,original,mansfield,47,518,100,1.236039559758753
human/original/mansfield,original,mansfield,48,540,100,1.0180452362442505
human/original/mansfield,original,mansfield,49,544,100,1.1551165917990578
human/original/mansfield,original,mansfield,50,537,100,1.2403150163812142
human/original/mansfield,original,mansfield,51,519,100,1.8253036032271028
human/original/mansfield,original,mansfield,52,526,100,1.1376563738566527
human/original/mansfield,original,mansfield,53,393,65,1.1935540886585814
human/basic/hemingway,basic,hemingway,0,519,100,1.111192352012759
human/basic/hemingway,basic,hemingway,1,462,100,1.3819731932502333
human/basic/hemingway,basic,hemingway,2,512,100,1.1198103290164938
human/basic/hemingway,basic,hemingway,3,503,100,1.3379972563629627
human/basic/hemingway,basic,hemingway,4,516,100,1.4187127521627443
human/basic/hemingway,basic,hemingway,5,546,100,1.3098373336975409
human/basic/hemingway,basic,hemingway,6,540,100,1.1814320526194146
human/basic/hemingway,basic,hemingway,7,538,100,1.02185070742233
human/basic/hemingway,basic,hemingway,8,495,100,0.989334973447881
human/basic/hemingway,basic,hemingway,9,486,100,1.001481494180354
human/basic/hemingway,basic,hemingway,10,438,100,1.4595231892083735
human/basic/hemingway,basic,hemingway,11,483,100,1.0715505405718222
human/basic/hemingway,basic,hemingway,12,303,56,1.2496548262263851
human/basic/anderson,basic,anderson,0,499,100,1.0980719135104082
human/basic/anderson,basic,anderson,1,481,100,1.2837883308353224
human/basic/anderson,basic,anderson,2,516,100,1.1929843803474993
human/basic/anderson,basic,anderson,3,494,100,1.3582824867768999
human/basic/anderson,basic,anderson,4,508,100,1.6219212162156524
human/basic/anderson,basic,anderson,5,494,100,1.2092039018705314
human/basic/anderson,basic,anderson,6,517,100,1.24691155704605
human/basic/anderson,basic,anderson,7,566,100,1.2466294712216346
human/basic/anderson,basic,anderson,8,480,100,1.0990345624978728
human/basic/anderson,basic,anderson,9,510,100,1.454086956965755
human/basic/anderson,basic,anderson,10,499,100,1.1191228290659523
human/basic/anderson,basic,anderson,11,464,96,1.376268572951342
human/basic/mansfield,basic,mansfield,0,516,100,1.2943529988222395
human/basic/mansfield,basic,mansfield,1,533,100,1.3582188853943595
human/basic/mansfield,basic,mansfield,2,548,100,1.4713664987024844
human/basic/mansfield,basic,mansfield,3,535,100,1.9426228500476725
human/basic/mansfield,basic,mansfield,4,552,100,1.6932500604391363
human/basic/mansfield,basic,mansfield,5,568,100,1.2235016590084336
human/basic/mansfield,basic,mansfield,6,496,100,1.3176436309012
human/basic/mansfield,basic,mansfield,7,512,100,1.4259400540683882
human/basic/mansfield,basic,mansfield,8,495,100,1.3436177403657568
human/basic/mansfield,basic,mansfield,9,527,100,1.4244214470923335
human/basic/mansfield,basic,mansfield,10,512,100,1.6862180342714543
human/basic/mansfield,basic,mansfield,11,559,100,1.3201331002643273
human/basic/mansfield,basic,mansfield,12,543,100,1.2788527083889787
human/basic/mansfield,basic,mansfield,13,578,100,1.396241747886814
human/basic/mansfield,basic,mansfield,14,525,100,1.2226422776969752
human/basic/mansfield,basic,mansfield,15,512,100,1.351540383520296
human/basic/mansfield,basic,mansfield,16,527,100,1.348757799575732
human/basic/mansfield,basic,mansfield,17,544,100,1.5058396361438129
human/basic/mansfield,basic,mansfield,18,534,100,1.7601970975992396
human/basic/mansfield,basic,mansfield,19,566,100,1.6212966086611496
human/basic/mansfield,basic,mansfield,20,534,100,1.5760585213137406
human/basic/mansfield,basic,mansfield,21,530,100,1.5284746081094598
human/basic/mansfield,basic,mansfield,22,539,100,1.40592365102054
human/basic/mansfield,basic,mansfield,23,500,100,1.4776226303509972
human/basic/mansfield,basic,mansfield,24,520,100,1.5503707504597994
human/basic/mansfield,basic,mansfield,25,548,100,1.4484426536868984
human/basic/mansfield,basic,mansfield,26,516,100,1.2725364302097273
human/basic/mansfield,basic,mansfield,27,568,100,1.474098295602058
human/basic/mansfield,basic,mansfield,28,535,100,1.3402278278567918
human/basic/mansfield,basic,mansfield,29,554,100,1.5855412409993477
human/basic/mansfield,basic,mansfield,30,515,100,1.5139815442763598
human/basic/mansfield,basic,mansfield,31,585,100,1.1844695869953625
human/basic/mansfield,basic,mansfield,32,520,100,1.3482645467529935
human/basic/mansfield,basic,mansfield,33,580,100,1.6325066963108594
human/basic/mansfield,basic,mansfield,34,531,100,1.4257032992962702
human/basic/mansfield,basic,mansfield,35,548,100,1.7811331321607438
human/basic/mansfield,basic,mansfield,36,567,100,1.324756375179494
human/basic/mansfield,basic,mansfield,37,555,100,1.2555243285796847
human/basic/mansfield,basic,mansfield,38,526,100,1.3194713971844294
human/basic/mansfield,basic,mansfield,39,541,100,1.5171815725203974
human/basic/mansfield,basic,mansfield,40,515,100,2.018909951681403
human/basic/mansfield,basic,mansfield,41,536,100,1.4867634748916723
human/basic/mansfield,basic,mansfield,42,553,100,1.2839325824408432
human/basic/mansfield,basic,mansfield,43,551,100,1.4167286022463792
human/basic/mansfield,basic,mansfield,44,543,100,1.5147609671149493
human/basic/mansfield,basic,mansfield,45,564,100,1.4773355812838695
human/basic/mansfield,basic,mansfield,46,541,100,1.305904883900218
human/basic/mansfield,basic,mansfield,47,537,100,1.3923992529374067
human/basic/mansfield,basic,mansfield,48,513,100,1.8182282798974019
human/basic/mansfield,basic,mansfield,49,559,100,1.481876340101212
human/basic/mansfield,basic,mansfield,50,536,100,1.2212558867267258
human/basic/mansfield,basic,mansfield,51,535,100,1.5623095046431439
human/basic/mansfield,basic,mansfield,52,468,100,1.362572669620258
human/basic/mansfield,basic,mansfield,53,523,100,1.2831373829652384
human/basic/mansfield,basic,mansfield,54,513,100,1.345199110700483
human/basic/mansfield,basic,mansfield,55,519,100,1.1555021802827845
human/basic/mansfield,basic,mansfield,56,521,100,1.4042426838648594
human/basic/mansfield,basic,mansfield,57,520,100,1.4594314046571994
human/basic/mansfield,basic,mansfield,58,527,100,1.9023177722700628
human/basic/mansfield,basic,mansfield,59,473,100,1.3657556587704474
human/basic/mansfield,basic,mansfield,60,545,100,1.0850701937695868
human/basic/mansfield,basic,mansfield,61,216,39,1.496383150011513
