family,checkpoint,prompt,position,n_gens,mean_entropy,mean_violence,mean_procedural
olmo,base,anger,0,10,5.188304424285889,0.14682568609714508,0.0624193511903286
olmo,base,anger,5,10,2.3233249366283415,0.01636581923812628,0.03460579207167029
olmo,base,anger,25,10,2.8622966170310975,0.032553097675554456,0.025523427221924067
olmo,base,anger,49,10,2.395960086584091,0.02111198422499001,0.049386418890208006
olmo,base,love,0,10,4.284405708312988,-0.0009136400185525417,0.054437026381492615
olmo,base,love,5,10,3.972881388664246,0.017234846414066852,0.06976432912051678
olmo,base,love,25,10,2.9070549964904786,-0.025012781494297087,0.053166751354001465
olmo,base,love,49,10,2.8219223856925963,-0.025383665668778123,0.0325718842446804
olmo,base,sexual,0,10,5.045045375823975,0.02908194065093994,0.17020797729492188
olmo,base,sexual,5,10,3.587509334087372,0.02615699591115117,0.016192997992038726
olmo,base,sexual,25,10,3.4938995361328127,-0.03109406344592571,0.0410018952563405
olmo,base,sexual,49,10,1.9986633241176606,0.005415816511958838,-0.021517435275018214
olmo,base,violence,0,10,5.6433892250061035,-0.047383226454257965,0.040323223918676376
olmo,base,violence,5,10,3.7795047521591187,-0.010248731635510922,0.02693472821265459
olmo,base,violence,25,10,2.6907499551773073,-0.004538221517577767,0.0034943841397762298
olmo,base,violence,49,10,3.4033352971076964,-0.009774347767233849,0.036664686538279055
olmo,base,worker,0,10,3.8735575675964355,-0.0337420217692852,0.18363066017627716
olmo,base,worker,5,10,1.4323857450304787,-0.03627588385716081,0.03132566660642624
olmo,base,worker,25,10,1.1005062529133283,-0.04523383809719235,0.06636400111019611
olmo,base,worker,49,1,0.0002720228221733123,-0.0853264182806015,0.33202821016311646
olmo,dpo,anger,0,10,2.958364725112915,-0.015538928098976612,0.028025642037391663
olmo,dpo,anger,5,10,1.3412953772582115,-0.00958372512832284,0.06682669948786497
olmo,dpo,anger,25,9,1.0964784573077648,0.027409780356619094,-0.0005525497512684928
olmo,dpo,anger,49,9,1.562388909320968,-0.04689627109716336,0.028603816197978124
olmo,dpo,love,0,10,3.0853993892669678,-0.019406700506806374,0.023445062339305878
olmo,dpo,love,5,10,2.3704545671120285,0.01633616811595857,0.04461667241994292
olmo,dpo,love,25,10,0.8355871412648824,-0.002333340793848038,-0.005701902508735657
olmo,dpo,love,49,10,1.7747449047044312,-0.026079876627773047,-0.00635997336357832
olmo,dpo,sexual,0,10,4.745174884796143,0.011329568922519684,0.1497001051902771
olmo,dpo,sexual,5,10,2.5980624847114084,-0.014611340314149856,0.015992814768105747
olmo,dpo,sexual,25,10,2.8842885212371017,0.005967080441769213,0.02423729971051216
olmo,dpo,sexual,49,10,1.865472037323343,0.01542712775990367,0.003319405228830874
olmo,dpo,violence,0,10,5.020416736602783,-0.061268486082553864,0.0910126194357872
olmo,dpo,violence,5,10,3.2381200388073923,-0.018316273204982282,0.02634100369177759
olmo,dpo,violence,25,10,2.3798889108002186,-0.0740110904444009,0.02495209048502147
olmo,dpo,violence,49,10,1.679977497458458,0.009117762558162212,0.011998369079083204
olmo,dpo,worker,0,10,3.490407705307007,-0.03109149821102619,0.3630595803260803
olmo,dpo,worker,5,10,2.579108291864395,-0.012831150833517314,0.003250796627253294
olmo,dpo,worker,25,10,1.2734564340980796,-0.0033178738318383693,0.40610075145959856
olmo,dpo,worker,49,8,1.0859380846231943,-0.007195696933194995,0.024573235772550106
olmo,rlvr,anger,0,10,2.6858716011047363,-0.017400866374373436,0.027766183018684387
olmo,rlvr,anger,5,10,1.9319562664808472,-0.0443712217733264,0.15293481526896358
olmo,rlvr,anger,25,10,1.1137428692358298,-0.002679526759311557,0.007535779848694801
olmo,rlvr,anger,49,10,1.603157414495945,0.00038714618422091006,0.05092559782788157
olmo,rlvr,love,0,10,2.907782554626465,-0.019687511026859283,0.019524406641721725
olmo,rlvr,love,5,10,1.6456894516944884,-0.04215473495423794,0.03960390780121088
olmo,rlvr,love,25,10,0.6365184498989038,0.015842749900184572,0.0003877462819218636
olmo,rlvr,love,49,10,0.8713562324024678,0.003590479982085526,0.04828246869146824
olmo,rlvr,sexual,0,10,4.521772384643555,0.012754056602716446,0.15303197503089905
olmo,rlvr,sexual,5,10,3.2202536050230264,-0.024951646709814666,0.019883786886930467
olmo,rlvr,sexual,25,10,1.8320258870720862,0.01468233736231923,0.026684067398309707
olmo,rlvr,sexual,49,10,1.3019250061684944,0.0194854405708611,0.03522183261811733
olmo,rlvr,violence,0,10,4.9669575691223145,-0.05929210036993027,0.08890864253044128
olmo,rlvr,violence,5,10,3.5699670016765594,-0.005091657862067223,0.012936548888683319
olmo,rlvr,violence,25,10,2.080036136507988,0.026991806086152793,-0.0016057358123362064
olmo,rlvr,violence,49,9,2.466500880817572,-0.028287570768346388,0.04124616407271889
olmo,rlvr,worker,0,10,3.503528594970703,-0.029886014759540558,0.3346529006958008
olmo,rlvr,worker,5,10,2.0873990284278987,-0.026102039497345686,0.2233846940100193
olmo,rlvr,worker,25,10,0.9002480624889359,-0.014356332551687955,0.01379126524552703
olmo,rlvr,worker,49,10,1.1783522938610986,-0.0372579683753429,0.038234061049297455
olmo,sft,anger,0,10,4.020381927490234,0.007790352217853069,0.02656320109963417
olmo,sft,anger,5,10,3.049260365962982,0.025579695403575898,-0.009720255061984063
olmo,sft,anger,25,10,1.9355446994304657,-0.0031588795594871045,-0.00865559559315443
olmo,sft,anger,49,8,2.1697197258472443,-0.008576600579544902,0.00621092101209797
olmo,sft,love,0,10,3.195148229598999,-0.01766103506088257,0.025074593722820282
olmo,sft,love,5,10,2.44135559797287,-0.02866843519732356,0.01603372097015381
olmo,sft,love,25,10,1.657769033545628,0.007107639126479626,0.013941155560314656
olmo,sft,love,49,9,1.9008741221494145,0.0045612330496725105,0.07519405583540599
olmo,sft,sexual,0,10,4.738554000854492,0.01423489861190319,0.157438725233078
olmo,sft,sexual,5,10,3.4829999089241026,-0.037360329553484915,0.028651384031400086
olmo,sft,sexual,25,10,2.2096242434145097,-0.038610761612653734,0.03664837721735239
olmo,sft,sexual,49,10,2.3464394269161857,-0.026570919924415647,0.03889210354536772
olmo,sft,violence,0,10,5.285430431365967,-0.057063713669776917,0.07834681868553162
olmo,sft,violence,5,10,2.643453586101532,-0.026021760143339633,-0.003519713878631592
olmo,sft,violence,25,10,3.003154081106186,0.0010011659003794193,-0.0041617659851908686
olmo,sft,violence,49,9,2.1365082412958145,0.00760913598868582,0.00037312419671151374
olmo,sft,worker,0,10,4.222386837005615,-0.021747775375843048,0.194818913936615
olmo,sft,worker,5,10,3.288000065088272,0.00875839004293084,0.07778002079576254
olmo,sft,worker,25,10,1.6173832486849278,-0.003643111325800419,0.07840290265157819
olmo,sft,worker,49,10,0.8071862814756287,-0.013886762456968427,0.08710602410137654
