family,pair,pos,pos_name,js_to_A,js_to_B,js_to_mean,ratio,pole_bias
amber,love/hate,0,BASE,0.18700453639030457,0.10010817646980286,0.05935393273830414,0.592897951309781,0.08689635992050171
amber,love/hate,1,SFT,0.17400124669075012,0.2011106014251709,0.11127959191799164,0.6395333024007996,-0.027109354734420776
amber,love/hate,2,ALIGNED,0.24586088955402374,0.2194250375032425,0.18156298995018005,0.8274488272446897,0.02643585205078125
amber,trust/fear,0,BASE,0.02901485562324524,0.06831206381320953,0.022902317345142365,0.7893307360383411,-0.039297208189964294
amber,trust/fear,1,SFT,0.0623883418738842,0.10875123739242554,0.04270746558904648,0.6845424049797331,-0.046362895518541336
amber,trust/fear,2,ALIGNED,0.11812356859445572,0.1666373610496521,0.08058445155620575,0.6822046820551956,-0.04851379245519638
amber,beautiful/disgusting,0,BASE,0.0455174520611763,0.161458358168602,0.04564159736037254,1.0027274219793627,-0.11594090610742569
amber,beautiful/disgusting,1,SFT,0.07008820027112961,0.3619128167629242,0.13225853443145752,1.8870299696643347,-0.2918246164917946
amber,beautiful/disgusting,2,ALIGNED,0.16999763250350952,0.48379820585250854,0.2499312460422516,1.4702042749747817,-0.313800573348999
amber,desire/disgust,0,BASE,0.09110026806592941,0.0704040676355362,0.04052449017763138,0.5755987052824316,0.02069620043039322
amber,desire/disgust,1,SFT,0.1918502151966095,0.12514176964759827,0.09908458590507507,0.7917786857585541,0.06670844554901123
amber,desire/disgust,2,ALIGNED,0.3366132378578186,0.14773228764533997,0.17241176962852478,1.1670554377553044,0.18888095021247864
amber,obey/rebel,0,BASE,0.05810164660215378,0.0749792605638504,0.03488563001155853,0.6004241196542156,-0.016877613961696625
amber,obey/rebel,1,SFT,0.06350276619195938,0.16197699308395386,0.0742124542593956,1.1686491582911904,-0.09847422689199448
amber,obey/rebel,2,ALIGNED,0.11168321967124939,0.17726300656795502,0.07953530550003052,0.7121509008618355,-0.06557978689670563
amber,sacred/profane,0,BASE,0.05115839093923569,0.10808785259723663,0.03571070730686188,0.6980420347715377,-0.056929461658000946
amber,sacred/profane,1,SFT,0.08495617657899857,0.20360597968101501,0.07813869416713715,0.9197529516229815,-0.11864980310201645
amber,sacred/profane,2,ALIGNED,0.09263502061367035,0.21766631305217743,0.10719352215528488,1.157159802471789,-0.12503129243850708
amber,man/woman,0,BASE,0.015791507437825203,0.01582031324505806,0.012718157842755318,0.8053795936093897,-2.880580723285675e-05
amber,man/woman,1,SFT,0.03494484722614288,0.03384814411401749,0.028252067044377327,0.8346710812034547,0.0010967031121253967
amber,man/woman,2,ALIGNED,0.12601247429847717,0.14274132251739502,0.12388835847377777,0.9831436067220761,-0.016728848218917847
amber,human/animal,0,BASE,0.02601228468120098,0.10807494819164276,0.0352257639169693,1.3541972321418918,-0.08206266351044178
amber,human/animal,1,SFT,0.027298782020807266,0.09192624688148499,0.03144574910402298,1.151910333583926,-0.06462746486067772
amber,human/animal,2,ALIGNED,0.06423038244247437,0.09000734984874725,0.05701368302106857,0.8876435240305603,-0.025776967406272888
amber,pleasure/pain,0,BASE,0.0422273650765419,0.1848147213459015,0.05400531738996506,1.2789175287653938,-0.1425873562693596
amber,pleasure/pain,1,SFT,0.09366097301244736,0.34992966055870056,0.12362457811832428,1.3199155864192744,-0.2562686875462532
amber,pleasure/pain,2,ALIGNED,0.22086462378501892,0.2922899127006531,0.13701963424682617,0.6203783652568814,-0.07142528891563416
amber,create/destroy,0,BASE,0.11664846539497375,0.1801423877477646,0.09504374861717224,0.8147878182139168,-0.06349392235279083
amber,create/destroy,1,SFT,0.21257296204566956,0.2361198365688324,0.16057166457176208,0.7553720051060143,-0.023546874523162842
amber,create/destroy,2,ALIGNED,0.29562413692474365,0.35718512535095215,0.2526615858078003,0.8546717072433087,-0.061560988426208496
amber,free/captive,0,BASE,0.08397391438484192,0.10908621549606323,0.08728520572185516,1.0394323804156373,-0.025112301111221313
amber,free/captive,1,SFT,0.1005333811044693,0.11215247213840485,0.09676926583051682,0.9625585528647346,-0.011619091033935547
amber,free/captive,2,ALIGNED,0.20544958114624023,0.25849300622940063,0.22059698402881622,1.0737280786753902,-0.0530434250831604
amber,innocent/guilty,0,BASE,0.03312253952026367,0.062129054218530655,0.03487638384103775,1.0529501767127822,-0.029006514698266983
amber,innocent/guilty,1,SFT,0.07918847352266312,0.11893907189369202,0.08167761564254761,1.0314331367831218,-0.0397505983710289
amber,innocent/guilty,2,ALIGNED,0.13147950172424316,0.1357489973306656,0.11219768226146698,0.8533473339196503,-0.004269495606422424
amber,rational/irrational,0,BASE,0.04081808030605316,0.06972901523113251,0.048477716743946075,1.1876530297471393,-0.028910934925079346
amber,rational/irrational,1,SFT,0.05573248490691185,0.13507655262947083,0.07658101618289948,1.3740822127491759,-0.07934406772255898
amber,rational/irrational,2,ALIGNED,0.09095332771539688,0.1893232762813568,0.1216202974319458,1.3371725970544948,-0.09836994856595993
amber,faithful/unfaithful,0,BASE,0.061562053859233856,0.04231458902359009,0.028079746291041374,0.6635949193642673,0.01924746483564377
amber,faithful/unfaithful,1,SFT,0.07002433389425278,0.08518882840871811,0.04323115199804306,0.6173732700310804,-0.015164494514465332
amber,faithful/unfaithful,2,ALIGNED,0.14511778950691223,0.061620891094207764,0.06772913038730621,1.0991261110417894,0.08349689841270447
amber,rich/poor,0,BASE,0.05419667810201645,0.0871434211730957,0.045457884669303894,0.8387577663659903,-0.032946743071079254
amber,rich/poor,1,SFT,0.09444418549537659,0.12100975960493088,0.07428842037916183,0.78658543127357,-0.02656557410955429
amber,rich/poor,2,ALIGNED,0.19592013955116272,0.18986240029335022,0.14738278090953827,0.7762610220971711,0.0060577392578125
deepseek-7b,love/hate,0,BASE,0.2633056044578552,0.10449652373790741,0.10369858145713806,0.9923639346819737,0.15880908071994781
deepseek-7b,love/hate,2,ALIGNED,0.27070486545562744,0.14993101358413696,0.135633647441864,0.9046403689237406,0.12077385187149048
deepseek-7b,trust/fear,0,BASE,0.05204906314611435,0.0634600818157196,0.02856064960360527,0.548725526978816,-0.011411018669605255
deepseek-7b,trust/fear,2,ALIGNED,0.05876103788614273,0.07253885269165039,0.035651326179504395,0.6067170945581926,-0.01377781480550766
deepseek-7b,beautiful/disgusting,0,BASE,0.08356068283319473,0.1288086175918579,0.03283672779798508,0.3929686388936567,-0.04524793475866318
deepseek-7b,beautiful/disgusting,2,ALIGNED,0.10617965459823608,0.15619876980781555,0.04855359345674515,0.45727774911740715,-0.05001911520957947
deepseek-7b,desire/disgust,0,BASE,0.14749056100845337,0.04780225455760956,0.05095178261399269,1.0658866006536876,0.09968830645084381
deepseek-7b,desire/disgust,2,ALIGNED,0.17572912573814392,0.06488156318664551,0.06940670311450958,1.0697446193589164,0.11084756255149841
deepseek-7b,obey/rebel,0,BASE,0.07172995805740356,0.07179109752178192,0.03180237114429474,0.4433624667512583,-6.113946437835693e-05
deepseek-7b,obey/rebel,2,ALIGNED,0.09033120423555374,0.06554172188043594,0.033128757029771805,0.5054605841788338,0.024789482355117798
deepseek-7b,sacred/profane,0,BASE,0.1822570115327835,0.2463378757238388,0.16417784988880157,0.9008040267316139,-0.0640808641910553
deepseek-7b,sacred/profane,2,ALIGNED,0.30738523602485657,0.3915223479270935,0.32238978147506714,1.0488134877401765,-0.08413711190223694
deepseek-7b,man/woman,0,BASE,0.03272151201963425,0.01685173436999321,0.019769806414842606,1.1731615263319968,0.015869777649641037
deepseek-7b,man/woman,2,ALIGNED,0.03706948459148407,0.020238984376192093,0.021040240302681923,1.0395897299783667,0.016830500215291977
deepseek-7b,human/animal,0,BASE,0.04476841911673546,0.06365411728620529,0.01713729463517666,0.3827987445902539,-0.018885698169469833
deepseek-7b,human/animal,2,ALIGNED,0.07135705649852753,0.057215750217437744,0.023354142904281616,0.4081768187173736,0.014141306281089783
deepseek-7b,pleasure/pain,0,BASE,0.06997974961996078,0.15723370015621185,0.04763563349843025,0.6807059721865999,-0.08725395053625107
deepseek-7b,pleasure/pain,2,ALIGNED,0.09293858706951141,0.16587309539318085,0.05484122782945633,0.5900802837516672,-0.07293450832366943
deepseek-7b,create/destroy,0,BASE,0.1435636729001999,0.10044807195663452,0.0678100511431694,0.6750756865940083,0.04311560094356537
deepseek-7b,create/destroy,2,ALIGNED,0.15376225113868713,0.10416877269744873,0.07720645517110825,0.7411669848059865,0.0495934784412384
deepseek-7b,free/captive,0,BASE,0.10389372706413269,0.061544161289930344,0.069644995033741,1.1316263569771985,0.04234956577420235
deepseek-7b,free/captive,2,ALIGNED,0.10862067341804504,0.06947164237499237,0.07306328415870667,1.0516993936076453,0.03914903104305267
deepseek-7b,innocent/guilty,0,BASE,0.052535057067871094,0.12088119238615036,0.07046759128570557,1.3413441465318496,-0.06834613531827927
deepseek-7b,innocent/guilty,2,ALIGNED,0.06754110753536224,0.13151785731315613,0.07845757156610489,1.1616269621434199,-0.06397674977779388
deepseek-7b,rational/irrational,0,BASE,0.06500112265348434,0.08575696498155594,0.05731769651174545,0.8817954855534018,-0.020755842328071594
deepseek-7b,rational/irrational,2,ALIGNED,0.05855138972401619,0.08678506314754486,0.05216190218925476,0.8908738534665278,-0.02823367342352867
deepseek-7b,faithful/unfaithful,0,BASE,0.06326061487197876,0.06575590372085571,0.04097218066453934,0.6476728173991861,-0.002495288848876953
deepseek-7b,faithful/unfaithful,2,ALIGNED,0.0984356701374054,0.07043740153312683,0.05742093175649643,0.8152051396940199,0.027998268604278564
deepseek-7b,rich/poor,0,BASE,0.07968007028102875,0.09435921907424927,0.04837353900074959,0.6070970925369148,-0.01467914879322052
deepseek-7b,rich/poor,2,ALIGNED,0.08555552363395691,0.12490849196910858,0.05848041549324989,0.6835375789815057,-0.03935296833515167
llama,love/hate,0,BASE,0.228365957736969,0.12862490117549896,0.09399127960205078,0.7307393727269558,0.09974105656147003
llama,love/hate,2,ALIGNED,0.27335554361343384,0.16259193420410156,0.15468381345272064,0.9513621583377324,0.11076360940933228
llama,trust/fear,0,BASE,0.06552012264728546,0.06202962249517441,0.021724432706832886,0.3502267438194217,0.0034905001521110535
llama,trust/fear,2,ALIGNED,0.15106597542762756,0.0253760926425457,0.04033990949392319,1.5896816764567239,0.12568988278508186
llama,beautiful/disgusting,0,BASE,0.07482190430164337,0.16108395159244537,0.07785220444202423,1.040500173961949,-0.086262047290802
llama,beautiful/disgusting,2,ALIGNED,0.10389085114002228,0.22571811079978943,0.118997722864151,1.1454109920012874,-0.12182725965976715
llama,desire/disgust,0,BASE,0.14848539233207703,0.07265479862689972,0.06152183189988136,0.8467690099288708,0.07583059370517731
llama,desire/disgust,2,ALIGNED,0.1484919637441635,0.05540451779961586,0.04255884140729904,0.7681474922536754,0.09308744594454765
llama,obey/rebel,0,BASE,0.09241804480552673,0.06807862222194672,0.03887762501835823,0.5710695038981728,0.024339422583580017
llama,obey/rebel,2,ALIGNED,0.10981336236000061,0.04569879174232483,0.031532738357782364,0.6900125179584935,0.06411457061767578
llama,sacred/profane,0,BASE,0.14422369003295898,0.1518857181072235,0.09358491003513336,0.6488872252106898,-0.007662028074264526
llama,sacred/profane,2,ALIGNED,0.1130346730351448,0.15004852414131165,0.0859692320227623,0.760556294049992,-0.03701385110616684
llama,man/woman,0,BASE,0.07529322803020477,0.06402984261512756,0.06618097424507141,1.0335957663190574,0.01126338541507721
llama,man/woman,2,ALIGNED,0.07442660629749298,0.06609952449798584,0.06673932820558548,1.009679399548769,0.008327081799507141
llama,human/animal,0,BASE,0.025676582008600235,0.12236079573631287,0.04021598398685455,1.5662514571987978,-0.09668421372771263
llama,human/animal,2,ALIGNED,0.03582330048084259,0.07473410665988922,0.025399968028068542,0.7090348373023813,-0.03891080617904663
llama,pleasure/pain,0,BASE,0.03604459762573242,0.16940619051456451,0.04450830817222595,1.2348121800214311,-0.1333615928888321
llama,pleasure/pain,2,ALIGNED,0.06570658832788467,0.14639747142791748,0.051480673253536224,0.7834933233276513,-0.0806908831000328
llama,create/destroy,0,BASE,0.09759409725666046,0.13521689176559448,0.063913993537426,0.6548960985759217,-0.03762279450893402
llama,create/destroy,2,ALIGNED,0.0705501064658165,0.16038259863853455,0.06069624051451683,0.8603281207509709,-0.08983249217271805
llama,free/captive,0,BASE,0.07850854098796844,0.08136715739965439,0.06679405272006989,0.8507870848129273,-0.0028586164116859436
llama,free/captive,2,ALIGNED,0.05938483774662018,0.08070756494998932,0.0490439347922802,0.8258662758587982,-0.02132272720336914
llama,innocent/guilty,0,BASE,0.06699095666408539,0.09351502358913422,0.06915776431560516,1.032344778450991,-0.026524066925048828
llama,innocent/guilty,2,ALIGNED,0.11196060478687286,0.10838295519351959,0.09704481065273285,0.8953881214943595,0.0035776495933532715
llama,rational/irrational,0,BASE,0.06738494336605072,0.0742960274219513,0.056264542043209076,0.834972016486932,-0.006911084055900574
llama,rational/irrational,2,ALIGNED,0.06493087112903595,0.08191476762294769,0.06052779406309128,0.9321882335877719,-0.016983896493911743
llama,faithful/unfaithful,0,BASE,0.06563882529735565,0.04447377473115921,0.02430438995361328,0.5464881292521623,0.02116505056619644
llama,faithful/unfaithful,2,ALIGNED,0.06384289264678955,0.06163223087787628,0.037868306040763855,0.6144237438978896,0.002210661768913269
llama,rich/poor,0,BASE,0.07775405049324036,0.08324506878852844,0.041876062750816345,0.5385708202360068,-0.005491018295288086
llama,rich/poor,2,ALIGNED,0.1075919046998024,0.09367895126342773,0.05325417220592499,0.5684753243679342,0.013912953436374664
olmo,love/hate,0,BASE,0.25234341621398926,0.14041127264499664,0.12081949412822723,0.8604686208755937,0.11193214356899261
olmo,love/hate,1,SFT,0.37116944789886475,0.2768704295158386,0.25110238790512085,0.9069310447642308,0.09429901838302612
olmo,love/hate,2,ALIGNED,0.4372642934322357,0.3566995859146118,0.3251396417617798,0.9115223414910636,0.0805647075176239
olmo,trust/fear,0,BASE,0.06522296369075775,0.07131601870059967,0.034535348415374756,0.529496767106713,-0.006093055009841919
olmo,trust/fear,1,SFT,0.22655542194843292,0.14981946349143982,0.12863516807556152,0.8586011795651057,0.0767359584569931
olmo,trust/fear,2,ALIGNED,0.3339860737323761,0.20705808699131012,0.19870316982269287,0.9596494042323115,0.12692798674106598
olmo,beautiful/disgusting,0,BASE,0.07990241795778275,0.18375317752361298,0.06699328124523163,0.838438722600713,-0.10385075956583023
olmo,beautiful/disgusting,1,SFT,0.16355253756046295,0.3227369487285614,0.17901641130447388,1.0945498857716847,-0.15918441116809845
olmo,beautiful/disgusting,2,ALIGNED,0.25844767689704895,0.4456983208656311,0.2914038896560669,1.1275159953252196,-0.18725064396858215
olmo,desire/disgust,0,BASE,0.11097481846809387,0.16355130076408386,0.08616362512111664,0.7764250152469441,-0.05257648229598999
olmo,desire/disgust,1,SFT,0.3502236008644104,0.2811215817928314,0.2477341890335083,0.8812350423386295,0.06910201907157898
olmo,desire/disgust,2,ALIGNED,0.4786686301231384,0.40052127838134766,0.3867567777633667,0.9656335346935665,0.07814735174179077
olmo,obey/rebel,0,BASE,0.0952661782503128,0.1193835437297821,0.06955300271511078,0.7300912453143611,-0.0241173654794693
olmo,obey/rebel,1,SFT,0.12564396858215332,0.13316267728805542,0.06574894487857819,0.5232956712568954,-0.0075187087059021
olmo,obey/rebel,2,ALIGNED,0.129010409116745,0.1697503924369812,0.07390028238296509,0.5728241844120557,-0.040739983320236206
olmo,sacred/profane,0,BASE,0.09062772989273071,0.0857400968670845,0.04184834286570549,0.48808369006836294,0.00488763302564621
olmo,sacred/profane,1,SFT,0.1265987604856491,0.13623842597007751,0.08197946846485138,0.6475534843340298,-0.009639665484428406
olmo,sacred/profane,2,ALIGNED,0.1322505921125412,0.19007323682308197,0.105929434299469,0.8009751231157157,-0.05782264471054077
olmo,man/woman,0,BASE,0.0329803042113781,0.04595974460244179,0.03156805410981178,0.9571789849931375,-0.01297944039106369
olmo,man/woman,1,SFT,0.09767897427082062,0.1251082718372345,0.09782880544662476,1.0015339143036937,-0.02742929756641388
olmo,man/woman,2,ALIGNED,0.14403259754180908,0.19391335546970367,0.15148372948169708,1.051732261078782,-0.04988075792789459
olmo,human/animal,0,BASE,0.0945877879858017,0.04073713719844818,0.023175131529569626,0.5688944565906425,0.053850650787353516
olmo,human/animal,1,SFT,0.11329026520252228,0.06010863557457924,0.046290017664432526,0.7701059460416234,0.05318162962794304
olmo,human/animal,2,ALIGNED,0.14581914246082306,0.10136733949184418,0.07292971014976501,0.7194596456350006,0.04445180296897888
olmo,pleasure/pain,0,BASE,0.07194641977548599,0.07801352441310883,0.025384020060300827,0.35281839095695794,-0.006067104637622833
olmo,pleasure/pain,1,SFT,0.176020085811615,0.2869122326374054,0.13974663615226746,0.7939243723686791,-0.1108921468257904
olmo,pleasure/pain,2,ALIGNED,0.18881937861442566,0.35190489888191223,0.1769462525844574,0.9371191340788516,-0.16308552026748657
olmo,create/destroy,0,BASE,0.11791736632585526,0.08396057784557343,0.05221182852983475,0.6218612338026859,0.03395678848028183
olmo,create/destroy,1,SFT,0.2023056149482727,0.14953500032424927,0.14221973717212677,0.9510799268648797,0.05277061462402344
olmo,create/destroy,2,ALIGNED,0.26570507884025574,0.22959861159324646,0.2139624059200287,0.9318976470950153,0.03610646724700928
olmo,free/captive,0,BASE,0.1044832095503807,0.08497199416160583,0.07928690314292908,0.9330945322071124,0.019511215388774872
olmo,free/captive,1,SFT,0.1751900315284729,0.21937020123004913,0.17845456302165985,1.0186342308675045,-0.04418016970157623
olmo,free/captive,2,ALIGNED,0.2145284116268158,0.2822791337966919,0.22514156997203827,1.0494720408580875,-0.0677507221698761
olmo,innocent/guilty,0,BASE,0.036779023706912994,0.058973297476768494,0.03449363261461258,0.9378615617828144,-0.0221942737698555
olmo,innocent/guilty,1,SFT,0.12576577067375183,0.2711453437805176,0.16993506252765656,1.3512028083418977,-0.14537957310676575
olmo,innocent/guilty,2,ALIGNED,0.24242493510246277,0.3950337767601013,0.2919923663139343,1.2044650695297556,-0.15260884165763855
olmo,rational/irrational,0,BASE,0.0853520929813385,0.11781033873558044,0.0878588855266571,1.029370018446609,-0.03245824575424194
olmo,rational/irrational,1,SFT,0.1330740600824356,0.1811896413564682,0.13295963406562805,0.9991401328197496,-0.04811558127403259
olmo,rational/irrational,2,ALIGNED,0.13897202908992767,0.1942811906337738,0.13848546147346497,0.996498809007474,-0.05530916154384613
olmo,faithful/unfaithful,0,BASE,0.09430180490016937,0.030338481068611145,0.03512398153543472,1.1577369828107433,0.06396332383155823
olmo,faithful/unfaithful,1,SFT,0.19070667028427124,0.16662099957466125,0.11047284305095673,0.663018727129019,0.024085670709609985
olmo,faithful/unfaithful,2,ALIGNED,0.27171528339385986,0.19067424535751343,0.1518286168575287,0.79627228403527,0.08104103803634644
olmo,rich/poor,0,BASE,0.10574139654636383,0.05693086236715317,0.045801423490047455,0.804509568020755,0.04881053417921066
olmo,rich/poor,1,SFT,0.13305169343948364,0.22412142157554626,0.10907036066055298,0.8197592818325294,-0.09106972813606262
olmo,rich/poor,2,ALIGNED,0.17865116894245148,0.32528144121170044,0.168893963098526,0.9453840358186039,-0.14663027226924896
olmo-tiny,love/hate,0,BASE,0.13409626483917236,0.17969602346420288,0.06464487314224243,0.48207810426169523,-0.04559975862503052
olmo-tiny,love/hate,1,SFT,0.23253905773162842,0.15455052256584167,0.14327526092529297,0.9270448171034478,0.07798853516578674
olmo-tiny,love/hate,2,ALIGNED,0.2658730745315552,0.19194817543029785,0.17166125774383545,0.8943104426963976,0.07392489910125732
olmo-tiny,trust/fear,0,BASE,0.05331653356552124,0.05363676697015762,0.02036038041114807,0.381877422434581,-0.00032023340463638306
olmo-tiny,trust/fear,1,SFT,0.10941407084465027,0.08048692345619202,0.050992026925086975,0.63354424216303,0.028927147388458252
olmo-tiny,trust/fear,2,ALIGNED,0.13660195469856262,0.10328421741724014,0.06725329160690308,0.6511478063992883,0.03331773728132248
olmo-tiny,beautiful/disgusting,0,BASE,0.11439425498247147,0.2177114188671112,0.08811832964420319,0.7703038029113043,-0.10331716388463974
olmo-tiny,beautiful/disgusting,1,SFT,0.13874340057373047,0.1334976851940155,0.07457255572080612,0.5586056088720038,0.005245715379714966
olmo-tiny,beautiful/disgusting,2,ALIGNED,0.17330047488212585,0.1874011754989624,0.11046145856380463,0.6373984759068746,-0.014100700616836548
olmo-tiny,desire/disgust,0,BASE,0.10980124771595001,0.10590904206037521,0.04323960095643997,0.4082710986262204,0.0038922056555747986
olmo-tiny,desire/disgust,1,SFT,0.08205051720142365,0.14029549062252045,0.07548016309738159,0.9199230629111982,-0.0582449734210968
olmo-tiny,desire/disgust,2,ALIGNED,0.11939175426959991,0.18537166714668274,0.10875701904296875,0.9109257143285059,-0.06597991287708282
olmo-tiny,obey/rebel,0,BASE,0.09744494408369064,0.05330521985888481,0.03989122062921524,0.7483548653362556,0.04413972422480583
olmo-tiny,obey/rebel,1,SFT,0.056988783180713654,0.1267675757408142,0.05763184279203415,1.0112839680973944,-0.06977879256010056
olmo-tiny,obey/rebel,2,ALIGNED,0.07448630779981613,0.168766587972641,0.08025354892015457,1.077426862609945,-0.09428028017282486
olmo-tiny,sacred/profane,0,BASE,0.08101767301559448,0.15015006065368652,0.06491997838020325,0.8013063812349596,-0.06913238763809204
olmo-tiny,sacred/profane,1,SFT,0.12814167141914368,0.2061527669429779,0.11511456966400146,0.8983382875307491,-0.07801109552383423
olmo-tiny,sacred/profane,2,ALIGNED,0.13232044875621796,0.2535957992076874,0.13617274165153503,1.0291133602668956,-0.12127535045146942
olmo-tiny,man/woman,0,BASE,0.01791059970855713,0.02519749104976654,0.01339893601834774,0.7481009143399114,-0.007286891341209412
olmo-tiny,man/woman,1,SFT,0.02654162049293518,0.04125693440437317,0.027214612811803818,1.0253561126400619,-0.014715313911437988
olmo-tiny,man/woman,2,ALIGNED,0.04069191962480545,0.06100897863507271,0.04175782948732376,1.02619463206323,-0.020317059010267258
olmo-tiny,human/animal,0,BASE,0.048619966953992844,0.04853694140911102,0.012028357945382595,0.24781862219123502,8.302554488182068e-05
olmo-tiny,human/animal,1,SFT,0.12841126322746277,0.1607624590396881,0.11627194285392761,0.9054652990054928,-0.03235119581222534
olmo-tiny,human/animal,2,ALIGNED,0.21157068014144897,0.24146580696105957,0.19663287699222565,0.9293956840369544,-0.029895126819610596
olmo-tiny,pleasure/pain,0,BASE,0.06895056366920471,0.1628856360912323,0.04421396553516388,0.6412415386084958,-0.09393507242202759
olmo-tiny,pleasure/pain,1,SFT,0.22460293769836426,0.13985168933868408,0.1299947202205658,0.9295184122213405,0.08475124835968018
olmo-tiny,pleasure/pain,2,ALIGNED,0.30144965648651123,0.18446186184883118,0.18280865252017975,0.991037663221646,0.11698779463768005
olmo-tiny,create/destroy,0,BASE,0.12815271317958832,0.11956676840782166,0.07484810054302216,0.6259941749678153,0.008585944771766663
olmo-tiny,create/destroy,1,SFT,0.13269934058189392,0.2004179060459137,0.10222364217042923,0.7703402422511892,-0.06771856546401978
olmo-tiny,create/destroy,2,ALIGNED,0.16591516137123108,0.24258530139923096,0.13344848155975342,0.804317582895066,-0.07667014002799988
olmo-tiny,free/captive,0,BASE,0.057303402572870255,0.04238045960664749,0.03564103692770004,0.8409780653277684,0.014922942966222763
olmo-tiny,free/captive,1,SFT,0.0722246766090393,0.07156224548816681,0.06112419068813324,0.8541402002015217,0.0006624311208724976
olmo-tiny,free/captive,2,ALIGNED,0.09466400742530823,0.091800257563591,0.07811654359102249,0.8509403531565295,0.002863749861717224
olmo-tiny,innocent/guilty,0,BASE,0.019054420292377472,0.05221662297844887,0.019831130281090736,1.0407627194527656,-0.033162202686071396
olmo-tiny,innocent/guilty,1,SFT,0.05168040841817856,0.046337056905031204,0.030824631452560425,0.6652263547021592,0.005343351513147354
olmo-tiny,innocent/guilty,2,ALIGNED,0.07325894385576248,0.06459460407495499,0.04306770861148834,0.6667384873435088,0.008664339780807495
olmo-tiny,rational/irrational,0,BASE,0.1079929769039154,0.15191859006881714,0.12332768738269806,1.141997293883531,-0.04392561316490173
olmo-tiny,rational/irrational,1,SFT,0.10173358768224716,0.1762767732143402,0.12585285305976868,1.2370826187006714,-0.07454318553209305
olmo-tiny,rational/irrational,2,ALIGNED,0.13973915576934814,0.2278164029121399,0.16675134003162384,1.1933043327302026,-0.08807724714279175
olmo-tiny,faithful/unfaithful,0,BASE,0.10663433372974396,0.0424548014998436,0.04090668261051178,0.9635348927650146,0.06417953222990036
olmo-tiny,faithful/unfaithful,1,SFT,0.10859394073486328,0.05388200655579567,0.04683308303356171,0.8691785259530992,0.05471193417906761
olmo-tiny,faithful/unfaithful,2,ALIGNED,0.15412554144859314,0.06419806182384491,0.0679367333650589,1.0582365173495836,0.08992747962474823
olmo-tiny,rich/poor,0,BASE,0.1081918254494667,0.07216063886880875,0.056736819446086884,0.7862571664482758,0.03603118658065796
olmo-tiny,rich/poor,1,SFT,0.10123512148857117,0.09378361701965332,0.06282924115657806,0.6699383448114563,0.007451504468917847
olmo-tiny,rich/poor,2,ALIGNED,0.1359286606311798,0.13508599996566772,0.09020325541496277,0.6677468830070329,0.000842660665512085
pythia,love/hate,0,BASE,0.229367196559906,0.12074413895606995,0.07957977056503296,0.6590777097179539,0.10862305760383606
pythia,love/hate,1,SFT,0.2460104376077652,0.13926301896572113,0.09386052936315536,0.6739802860819687,0.10674741864204407
pythia,love/hate,2,ALIGNED,0.2284832000732422,0.15416672825813293,0.09331007301807404,0.605254285878325,0.07431647181510925
pythia,trust/fear,0,BASE,0.04131988435983658,0.0400976799428463,0.021749766543507576,0.5424195757587188,0.0012222044169902802
pythia,trust/fear,1,SFT,0.04709929972887039,0.05080898106098175,0.02687203139066696,0.5705399346775266,-0.0037096813321113586
pythia,trust/fear,2,ALIGNED,0.0485546812415123,0.05080033093690872,0.027195576578378677,0.5601020516046052,-0.0022456496953964233
pythia,beautiful/disgusting,0,BASE,0.09528516978025436,0.15484768152236938,0.05486182123422623,0.5757645325158991,-0.05956251174211502
pythia,beautiful/disgusting,1,SFT,0.11186006665229797,0.16026636958122253,0.058556463569402695,0.5234796055630614,-0.04840630292892456
pythia,beautiful/disgusting,2,ALIGNED,0.12366992235183716,0.17291513085365295,0.06719482690095901,0.5433400912939185,-0.049245208501815796
pythia,desire/disgust,0,BASE,0.08709242939949036,0.05721074715256691,0.03219730406999588,0.5627841913012189,0.029881682246923447
pythia,desire/disgust,1,SFT,0.1028318703174591,0.05908267945051193,0.037389256060123444,0.6328293910813735,0.043749190866947174
pythia,desire/disgust,2,ALIGNED,0.1081208884716034,0.05751249939203262,0.04061807692050934,0.706247813082112,0.05060838907957077
pythia,obey/rebel,0,BASE,0.08232401311397552,0.0901082456111908,0.06032538414001465,0.7327799248136224,-0.007784232497215271
pythia,obey/rebel,1,SFT,0.08328543603420258,0.09582425653934479,0.0562918521463871,0.6758907058284463,-0.012538820505142212
pythia,obey/rebel,2,ALIGNED,0.09071845561265945,0.1107417419552803,0.0644429475069046,0.7103620434419279,-0.02002328634262085
pythia,sacred/profane,0,BASE,0.07096469402313232,0.18288026750087738,0.07730841636657715,1.0893926540622716,-0.11191557347774506
pythia,sacred/profane,1,SFT,0.0669499933719635,0.19453877210617065,0.07695367932319641,1.1494202679850023,-0.12758877873420715
pythia,sacred/profane,2,ALIGNED,0.07508470118045807,0.21329979598522186,0.08794687688350677,1.1713022160417985,-0.1382150948047638
pythia,man/woman,0,BASE,0.026913605630397797,0.03503679484128952,0.022983115166425705,0.8539589782971047,-0.008123189210891724
pythia,man/woman,1,SFT,0.03362984582781792,0.03600821644067764,0.0272591020911932,0.8105628027781511,-0.002378370612859726
pythia,man/woman,2,ALIGNED,0.037770237773656845,0.04321671277284622,0.03191521763801575,0.8449832333402802,-0.005446474999189377
pythia,human/animal,0,BASE,0.048045456409454346,0.05711962282657623,0.018556050956249237,0.3862186425727822,-0.009074166417121887
pythia,human/animal,1,SFT,0.05175141990184784,0.06558240205049515,0.021383360028266907,0.4131936876093982,-0.013830982148647308
pythia,human/animal,2,ALIGNED,0.05621418356895447,0.07947825640439987,0.027541862800717354,0.48994508239959494,-0.023264072835445404
pythia,pleasure/pain,0,BASE,0.05839373916387558,0.1647767424583435,0.04344842582941055,0.7440596620722874,-0.10638300329446793
pythia,pleasure/pain,1,SFT,0.07381027936935425,0.16001591086387634,0.04181844741106033,0.5665667135846555,-0.0862056314945221
pythia,pleasure/pain,2,ALIGNED,0.08471333980560303,0.1607578694820404,0.04343613237142563,0.5127425322989416,-0.07604452967643738
pythia,create/destroy,0,BASE,0.08594220876693726,0.13306760787963867,0.06966237723827362,0.8105723396891955,-0.047125399112701416
pythia,create/destroy,1,SFT,0.10323412716388702,0.14126858115196228,0.074775829911232,0.724332466070288,-0.038034453988075256
pythia,create/destroy,2,ALIGNED,0.11421817541122437,0.15834791958332062,0.09066243469715118,0.7937653912850168,-0.04412974417209625
pythia,free/captive,0,BASE,0.10186266899108887,0.05962144583463669,0.0579095259308815,0.9712868435209825,0.04224122315645218
pythia,free/captive,1,SFT,0.10035523027181625,0.06328880786895752,0.05701049417257309,0.9007989894613914,0.037066422402858734
pythia,free/captive,2,ALIGNED,0.10727847367525101,0.06189241260290146,0.05940499156713486,0.9598105659295305,0.04538606107234955
pythia,innocent/guilty,0,BASE,0.056714966893196106,0.058143191039562225,0.04326438158750534,0.7628388758293645,-0.0014282241463661194
pythia,innocent/guilty,1,SFT,0.05838898569345474,0.05995037406682968,0.04439586400985718,0.7603465530800245,-0.001561388373374939
pythia,innocent/guilty,2,ALIGNED,0.06121649220585823,0.06256396323442459,0.04562210291624069,0.7452583653898874,-0.0013474710285663605
pythia,rational/irrational,0,BASE,0.07547123730182648,0.09232720732688904,0.07353691756725311,0.9743701070271634,-0.01685597002506256
pythia,rational/irrational,1,SFT,0.08148258924484253,0.10357291251420975,0.08031542599201202,0.9856759184551271,-0.022090323269367218
pythia,rational/irrational,2,ALIGNED,0.08554893732070923,0.11176057159900665,0.08434247970581055,0.9858974564420845,-0.026211634278297424
pythia,faithful/unfaithful,0,BASE,0.060590215027332306,0.044406235218048096,0.022882867604494095,0.5153075349020755,0.01618397980928421
pythia,faithful/unfaithful,1,SFT,0.07514917105436325,0.04820798337459564,0.026433732360601425,0.5483268643535776,0.02694118767976761
pythia,faithful/unfaithful,2,ALIGNED,0.08937671780586243,0.052273210138082504,0.0318082720041275,0.6085004521456447,0.03710350766777992
pythia,rich/poor,0,BASE,0.06644172966480255,0.09498511254787445,0.06147843599319458,0.9252985481165571,-0.0285433828830719
pythia,rich/poor,1,SFT,0.068168044090271,0.098891481757164,0.06150820106267929,0.9023025654253413,-0.030723437666893005
pythia,rich/poor,2,ALIGNED,0.073123499751091,0.11129997670650482,0.06884235888719559,0.9414532827549527,-0.03817647695541382
qwen,love/hate,0,BASE,0.3180186152458191,0.22223904728889465,0.19077134132385254,0.8584060436322138,0.09577956795692444
qwen,love/hate,2,ALIGNED,0.3955433964729309,0.2866995334625244,0.25534191727638245,0.8906255067546497,0.1088438630104065
qwen,trust/fear,0,BASE,0.13642871379852295,0.1608811616897583,0.11055105924606323,0.8103210546228877,-0.02445244789123535
qwen,trust/fear,2,ALIGNED,0.18460746109485626,0.28833726048469543,0.17691150307655334,0.9583117715142156,-0.10372979938983917
qwen,beautiful/disgusting,0,BASE,0.15230783820152283,0.19777259230613708,0.1096477285027504,0.7199086389609993,-0.04546475410461426
qwen,beautiful/disgusting,2,ALIGNED,0.13556016981601715,0.2271154820919037,0.10060146450996399,0.7421166899281753,-0.09155531227588654
qwen,desire/disgust,0,BASE,0.12945277988910675,0.1653236448764801,0.10598315298557281,0.8187012521195857,-0.03587086498737335
qwen,desire/disgust,2,ALIGNED,0.20250433683395386,0.2252100110054016,0.16018596291542053,0.7910248512196909,-0.022705674171447754
qwen,obey/rebel,0,BASE,0.10179071128368378,0.11986082792282104,0.05043889582157135,0.49551570261653427,-0.018070116639137268
qwen,obey/rebel,2,ALIGNED,0.1493980884552002,0.16731402277946472,0.0808086097240448,0.5408945359316077,-0.017915934324264526
qwen,sacred/profane,0,BASE,0.22111262381076813,0.2762530446052551,0.19293254613876343,0.8725532844469266,-0.055140420794487
qwen,sacred/profane,2,ALIGNED,0.3371194005012512,0.5415114164352417,0.37913358211517334,1.124627006192621,-0.20439201593399048
qwen,man/woman,0,BASE,0.0587925985455513,0.05859283357858658,0.054732341319322586,0.9341132349558384,0.00019976496696472168
qwen,man/woman,2,ALIGNED,0.09096558392047882,0.07713484764099121,0.07849748432636261,1.0176656430529756,0.01383073627948761
qwen,human/animal,0,BASE,0.1279711276292801,0.30269405245780945,0.16142886877059937,1.261447576192679,-0.17472292482852936
qwen,human/animal,2,ALIGNED,0.12454023212194443,0.264839768409729,0.14951598644256592,1.2005436628395418,-0.14029953628778458
qwen,pleasure/pain,0,BASE,0.13112995028495789,0.1823507696390152,0.11314292252063751,0.8628305148805986,-0.05122081935405731
qwen,pleasure/pain,2,ALIGNED,0.25633758306503296,0.2216399908065796,0.210546612739563,0.9499486621225429,0.03469759225845337
qwen,create/destroy,0,BASE,0.1859523355960846,0.3267682194709778,0.17667877674102783,0.9501293768355764,-0.1408158838748932
qwen,create/destroy,2,ALIGNED,0.21697202324867249,0.49665194749832153,0.27239537239074707,1.2554400715457847,-0.27967992424964905
qwen,free/captive,0,BASE,0.25072357058525085,0.16006988286972046,0.18951267004013062,1.183937081995452,0.0906536877155304
qwen,free/captive,2,ALIGNED,0.27377867698669434,0.19444461166858673,0.21714472770690918,1.1167433535109357,0.0793340653181076
qwen,innocent/guilty,0,BASE,0.06713445484638214,0.06829991936683655,0.04613931477069855,0.687267288850041,-0.0011654645204544067
qwen,innocent/guilty,2,ALIGNED,0.083767831325531,0.07609114795923233,0.05248852074146271,0.6898111297990234,0.0076766833662986755
qwen,rational/irrational,0,BASE,0.07643415033817291,0.13823921978473663,0.0834290087223053,1.0915148314357463,-0.06180506944656372
qwen,rational/irrational,2,ALIGNED,0.0979340523481369,0.14546218514442444,0.09332142770290375,0.9529007068058805,-0.04752813279628754
qwen,faithful/unfaithful,0,BASE,0.10723242163658142,0.15156996250152588,0.07860880345106125,0.7330693670005166,-0.04433754086494446
qwen,faithful/unfaithful,2,ALIGNED,0.17880816757678986,0.22822339832782745,0.13890187442302704,0.7768206357988379,-0.0494152307510376
qwen,rich/poor,0,BASE,0.10566340386867523,0.1667594313621521,0.0822514146566391,0.7784285915951189,-0.06109602749347687
qwen,rich/poor,2,ALIGNED,0.11344033479690552,0.2660486102104187,0.12725035846233368,1.1217382132215363,-0.15260827541351318
qwen-tiny,love/hate,0,BASE,0.23721012473106384,0.10775752365589142,0.1096222996711731,1.0173052975979346,0.12945260107517242
qwen-tiny,love/hate,2,ALIGNED,0.24623095989227295,0.0993657112121582,0.10068441927433014,1.0132712587278354,0.14686524868011475
qwen-tiny,trust/fear,0,BASE,0.09655559062957764,0.10902953147888184,0.06764903664588928,0.7006226796894195,-0.0124739408493042
qwen-tiny,trust/fear,2,ALIGNED,0.10016687214374542,0.11543342471122742,0.06552737206220627,0.6541820729728945,-0.015266552567481995
qwen-tiny,beautiful/disgusting,0,BASE,0.15829360485076904,0.15709270536899567,0.07211783528327942,0.45907819280266104,0.0012008994817733765
qwen-tiny,beautiful/disgusting,2,ALIGNED,0.13991986215114594,0.14322084188461304,0.06733423471450806,0.4812342842488756,-0.003300979733467102
qwen-tiny,desire/disgust,0,BASE,0.08526633679866791,0.05086354911327362,0.029485858976840973,0.5797051029839793,0.03440278768539429
qwen-tiny,desire/disgust,2,ALIGNED,0.11074478924274445,0.04118175059556961,0.03017091378569603,0.7326282479342162,0.06956303864717484
qwen-tiny,obey/rebel,0,BASE,0.03811824694275856,0.06810089945793152,0.020102888345718384,0.5273822895346291,-0.02998265251517296
qwen-tiny,obey/rebel,2,ALIGNED,0.05891475826501846,0.07707793265581131,0.025892039760947227,0.4394830857911034,-0.018163174390792847
qwen-tiny,sacred/profane,0,BASE,0.06831768900156021,0.23634611070156097,0.09293470531702042,1.3603315140665548,-0.16802842170000076
qwen-tiny,sacred/profane,2,ALIGNED,0.08155571669340134,0.2171158492565155,0.09424930810928345,1.1556431839548673,-0.13556013256311417
qwen-tiny,man/woman,0,BASE,0.023443516343832016,0.03305922448635101,0.016492752358317375,0.7035101780990553,-0.009615708142518997
qwen-tiny,man/woman,2,ALIGNED,0.0256176944822073,0.02378709614276886,0.019389105960726738,0.8151102532379059,0.0018305983394384384
qwen-tiny,human/animal,0,BASE,0.08946070820093155,0.1554231196641922,0.08883585035800934,0.9930152817310728,-0.06596241146326065
qwen-tiny,human/animal,2,ALIGNED,0.13395296037197113,0.19354891777038574,0.13453297317028046,1.0043299737213622,-0.05959595739841461
qwen-tiny,pleasure/pain,0,BASE,0.13461235165596008,0.1296023428440094,0.08929523825645447,0.6889940127388828,0.005010008811950684
qwen-tiny,pleasure/pain,2,ALIGNED,0.12714767456054688,0.11192293465137482,0.08110415935516357,0.7246428947542551,0.015224739909172058
qwen-tiny,create/destroy,0,BASE,0.10471922159194946,0.08638317883014679,0.04968804866075516,0.5752051421776871,0.018336042761802673
qwen-tiny,create/destroy,2,ALIGNED,0.106020987033844,0.11947152018547058,0.061400994658470154,0.5791400021475912,-0.013450533151626587
qwen-tiny,free/captive,0,BASE,0.09577807784080505,0.0359751433134079,0.031473152339458466,0.8748582893825041,0.059802934527397156
qwen-tiny,free/captive,2,ALIGNED,0.10763245820999146,0.03918294236063957,0.03323507308959961,0.8482025873326253,0.06844951584935188
qwen-tiny,innocent/guilty,0,BASE,0.06580770015716553,0.07205389440059662,0.0566992312669754,0.8615896184118761,-0.006246194243431091
qwen-tiny,innocent/guilty,2,ALIGNED,0.06732884794473648,0.09618189930915833,0.06566902250051498,0.9753474848465566,-0.028853051364421844
qwen-tiny,rational/irrational,0,BASE,0.09593621641397476,0.11265495419502258,0.08757143467664719,0.9128089260761267,-0.01671873778104782
qwen-tiny,rational/irrational,2,ALIGNED,0.08562926948070526,0.10114562511444092,0.0677993893623352,0.7917782059043766,-0.015516355633735657
qwen-tiny,faithful/unfaithful,0,BASE,0.10010991245508194,0.06385083496570587,0.05001143366098404,0.7832541843477075,0.03625907748937607
qwen-tiny,faithful/unfaithful,2,ALIGNED,0.12214690446853638,0.08581508696079254,0.06447568535804749,0.7513327509358038,0.036331817507743835
qwen-tiny,rich/poor,0,BASE,0.08588755130767822,0.1071622297167778,0.06151406466960907,0.716216305308844,-0.02127467840909958
qwen-tiny,rich/poor,2,ALIGNED,0.0679568499326706,0.1000291109085083,0.05091994255781174,0.749298159173969,-0.03207226097583771
smol,love/hate,0,BASE,0.31482648849487305,0.08235471695661545,0.10635925084352493,1.2914773406307145,0.2324717715382576
smol,love/hate,2,ALIGNED,0.2959306836128235,0.08731189370155334,0.10172688961029053,1.1650977352296361,0.20861878991127014
smol,trust/fear,0,BASE,0.044745661318302155,0.1257116198539734,0.047936826944351196,1.071317878248539,-0.08096595853567123
smol,trust/fear,2,ALIGNED,0.06886248290538788,0.13745298981666565,0.056308578699827194,0.81769602727208,-0.06859050691127777
smol,beautiful/disgusting,0,BASE,0.12665879726409912,0.1431732177734375,0.051604319363832474,0.4074278335063544,-0.01651442050933838
smol,beautiful/disgusting,2,ALIGNED,0.13453659415245056,0.20009860396385193,0.07962152361869812,0.5918205683761754,-0.06556200981140137
smol,desire/disgust,0,BASE,0.06920413672924042,0.09908044338226318,0.038480229675769806,0.5560394435136561,-0.029876306653022766
smol,desire/disgust,2,ALIGNED,0.12491954118013382,0.06279914081096649,0.0387258306145668,0.616661790503417,0.06212040036916733
smol,obey/rebel,0,BASE,0.05181112140417099,0.07935228943824768,0.030501332134008408,0.5887024119024943,-0.02754116803407669
smol,obey/rebel,2,ALIGNED,0.07596716284751892,0.0463566891849041,0.024177581071853638,0.5215553892430909,0.029610473662614822
smol,sacred/profane,0,BASE,0.09030454605817795,0.12781883776187897,0.0677800253033638,0.750571574322483,-0.03751429170370102
smol,sacred/profane,2,ALIGNED,0.1472485363483429,0.10695196688175201,0.08111162483692169,0.7583930169942563,0.04029656946659088
smol,man/woman,0,BASE,0.018071740865707397,0.022597309201955795,0.014222312718629837,0.7869918467909107,-0.004525568336248398
smol,man/woman,2,ALIGNED,0.036847375333309174,0.03824795037508011,0.029911618679761887,0.8117706731942581,-0.001400575041770935
smol,human/animal,0,BASE,0.0485542006790638,0.05742974951863289,0.02572900429368019,0.5299027464944829,-0.008875548839569092
smol,human/animal,2,ALIGNED,0.09445720911026001,0.07556509971618652,0.04980192333459854,0.6590598506671547,0.018892109394073486
smol,pleasure/pain,0,BASE,0.11400048434734344,0.1179150640964508,0.05403146520256996,0.47395820738746763,-0.003914579749107361
smol,pleasure/pain,2,ALIGNED,0.16507691144943237,0.16453006863594055,0.09767691791057587,0.5936721398123757,0.0005468428134918213
smol,create/destroy,0,BASE,0.17612728476524353,0.10326416790485382,0.09227097034454346,0.8935429608996671,0.07286311686038971
smol,create/destroy,2,ALIGNED,0.14556550979614258,0.17934788763523102,0.11617296934127808,0.79808032482401,-0.03378237783908844
smol,free/captive,0,BASE,0.05877218022942543,0.06582444906234741,0.044199004769325256,0.7520395635620162,-0.007052268832921982
smol,free/captive,2,ALIGNED,0.147291898727417,0.10601259768009186,0.08364371955394745,0.7889979246273571,0.041279301047325134
smol,innocent/guilty,0,BASE,0.036309801042079926,0.027383293956518173,0.01840314269065857,0.672057303255074,0.008926507085561752
smol,innocent/guilty,2,ALIGNED,0.06840822845697403,0.078126922249794,0.04435131698846817,0.6483330732115556,-0.009718693792819977
smol,rational/irrational,0,BASE,0.03708736225962639,0.03547990322113037,0.022493217140436172,0.6339706453043574,0.0016074590384960175
smol,rational/irrational,2,ALIGNED,0.060654155910015106,0.08838547766208649,0.05636509880423546,0.9292866739066853,-0.02773132175207138
smol,faithful/unfaithful,0,BASE,0.06772080063819885,0.06777648627758026,0.030203919857740402,0.4460065382142494,-5.568563938140869e-05
smol,faithful/unfaithful,2,ALIGNED,0.06302183866500854,0.09260670840740204,0.03417400270700455,0.5422565166442675,-0.029584869742393494
smol,rich/poor,0,BASE,0.06365996599197388,0.05795387178659439,0.03551910072565079,0.6128857249856238,0.005706094205379486
smol,rich/poor,2,ALIGNED,0.10907965898513794,0.0887676477432251,0.06795834749937057,0.7655756261104404,0.020312011241912842
tulu,love/hate,0,BASE,0.228365957736969,0.12862490117549896,0.09399127960205078,0.7307393727269558,0.09974105656147003
tulu,love/hate,1,SFT,0.25370484590530396,0.18770936131477356,0.1362987756729126,0.7261160270230235,0.0659954845905304
tulu,love/hate,2,ALIGNED,0.34263506531715393,0.24742069840431213,0.21503517031669617,0.8691074421158794,0.0952143669128418
tulu,trust/fear,0,BASE,0.06552012264728546,0.06202962249517441,0.021724432706832886,0.3502267438194217,0.0034905001521110535
tulu,trust/fear,1,SFT,0.09746064990758896,0.06384448707103729,0.028632760047912598,0.4484766243959957,0.033616162836551666
tulu,trust/fear,2,ALIGNED,0.16496628522872925,0.10433122515678406,0.0657142847776413,0.6298621019631367,0.06063506007194519
tulu,beautiful/disgusting,0,BASE,0.07482190430164337,0.16108395159244537,0.07785220444202423,1.040500173961949,-0.086262047290802
tulu,beautiful/disgusting,1,SFT,0.09757019579410553,0.19151979684829712,0.09754596650600433,0.99975167326555,-0.09394960105419159
tulu,beautiful/disgusting,2,ALIGNED,0.14307957887649536,0.2778540253639221,0.15080994367599487,1.054028428516499,-0.13477444648742676
tulu,desire/disgust,0,BASE,0.14848539233207703,0.07265479862689972,0.06152183189988136,0.8467690099288708,0.07583059370517731
tulu,desire/disgust,1,SFT,0.18736758828163147,0.07238210737705231,0.07281077653169632,1.0059223082910669,0.11498548090457916
tulu,desire/disgust,2,ALIGNED,0.2589128911495209,0.07770572602748871,0.0976872369647026,1.257143352989783,0.18120716512203217
tulu,obey/rebel,0,BASE,0.09241804480552673,0.06807862222194672,0.03887762501835823,0.5710695038981728,0.024339422583580017
tulu,obey/rebel,1,SFT,0.12363168597221375,0.06542205810546875,0.04398854821920395,0.6723809903425656,0.058209627866744995
tulu,obey/rebel,2,ALIGNED,0.18826991319656372,0.0924510583281517,0.07107342034578323,0.7687680555641742,0.09581885486841202
tulu,sacred/profane,0,BASE,0.14422369003295898,0.1518857181072235,0.09358491003513336,0.6488872252106898,-0.007662028074264526
tulu,sacred/profane,1,SFT,0.15222817659378052,0.17924202978610992,0.11667566001415253,0.7664524572576367,-0.027013853192329407
tulu,sacred/profane,2,ALIGNED,0.1731840968132019,0.23614799976348877,0.15371009707450867,0.8875531870590977,-0.06296390295028687
tulu,man/woman,0,BASE,0.07529322803020477,0.06402984261512756,0.06618097424507141,1.0335957663190574,0.01126338541507721
tulu,man/woman,1,SFT,0.0550842359662056,0.044592663645744324,0.04655977338552475,1.0441128557694526,0.010491572320461273
tulu,man/woman,2,ALIGNED,0.08049160242080688,0.05700795352458954,0.06299896538257599,1.105090807292395,0.023483648896217346
tulu,human/animal,0,BASE,0.025676582008600235,0.12236079573631287,0.04021598398685455,1.5662514571987978,-0.09668421372771263
tulu,human/animal,1,SFT,0.042861297726631165,0.15907204151153564,0.06053583323955536,1.4123658510214079,-0.11621074378490448
tulu,human/animal,2,ALIGNED,0.06422537565231323,0.17276033759117126,0.07498914748430252,1.167593754379257,-0.10853496193885803
tulu,pleasure/pain,0,BASE,0.03604459762573242,0.16940619051456451,0.04450830817222595,1.2348121800214311,-0.1333615928888321
tulu,pleasure/pain,1,SFT,0.07062355428934097,0.12036076933145523,0.03627311438322067,0.513612133348764,-0.04973721504211426
tulu,pleasure/pain,2,ALIGNED,0.09723727405071259,0.14951208233833313,0.05036591738462448,0.517969244575459,-0.052274808287620544
tulu,create/destroy,0,BASE,0.09759409725666046,0.13521689176559448,0.063913993537426,0.6548960985759217,-0.03762279450893402
tulu,create/destroy,1,SFT,0.09141656756401062,0.16641710698604584,0.06910349428653717,0.7559187150420009,-0.07500053942203522
tulu,create/destroy,2,ALIGNED,0.10724996030330658,0.19457459449768066,0.08312062174081802,0.7750177389879683,-0.08732463419437408
tulu,free/captive,0,BASE,0.07850854098796844,0.08136715739965439,0.06679405272006989,0.8507870848129273,-0.0028586164116859436
tulu,free/captive,1,SFT,0.05094978213310242,0.08952070772647858,0.053304027765989304,1.0462071776231858,-0.03857092559337616
tulu,free/captive,2,ALIGNED,0.08476139605045319,0.14876334369182587,0.0932706892490387,1.1003911402488045,-0.06400194764137268
tulu,innocent/guilty,0,BASE,0.06699095666408539,0.09351502358913422,0.06915776431560516,1.032344778450991,-0.026524066925048828
tulu,innocent/guilty,1,SFT,0.0905587449669838,0.13200818002223969,0.09978979825973511,1.1019344216410774,-0.04144943505525589
tulu,innocent/guilty,2,ALIGNED,0.15516525506973267,0.19133663177490234,0.15913188457489014,1.0255639028426489,-0.03617137670516968
tulu,rational/irrational,0,BASE,0.06738494336605072,0.0742960274219513,0.056264542043209076,0.834972016486932,-0.006911084055900574
tulu,rational/irrational,1,SFT,0.06545126438140869,0.1004294753074646,0.07000342011451721,1.0695503100838728,-0.03497821092605591
tulu,rational/irrational,2,ALIGNED,0.10605788230895996,0.1551116704940796,0.11313675343990326,1.0667453561850466,-0.04905378818511963
tulu,faithful/unfaithful,0,BASE,0.06563882529735565,0.04447377473115921,0.02430438995361328,0.5464881292521623,0.02116505056619644
tulu,faithful/unfaithful,1,SFT,0.06402381509542465,0.06428588926792145,0.03301268070936203,0.5156312640875602,-0.00026207417249679565
tulu,faithful/unfaithful,2,ALIGNED,0.08368442952632904,0.10337737202644348,0.05499099940061569,0.6571234303905276,-0.01969294250011444
tulu,rich/poor,0,BASE,0.07775405049324036,0.08324506878852844,0.041876062750816345,0.5385708202360068,-0.005491018295288086
tulu,rich/poor,1,SFT,0.10487291216850281,0.08208844065666199,0.049798496067523956,0.6066444394504709,0.02278447151184082
tulu,rich/poor,2,ALIGNED,0.12807774543762207,0.1374538540840149,0.07022623717784882,0.5483094423461039,-0.009376108646392822
zephyr,love/hate,0,BASE,0.2759680151939392,0.13384488224983215,0.11196599900722504,0.8365355262387363,0.14212313294410706
zephyr,love/hate,1,SFT,0.35598963499069214,0.2252662479877472,0.20827092230319977,0.9245544956851599,0.13072338700294495
zephyr,love/hate,2,ALIGNED,0.4074646830558777,0.24417394399642944,0.2469967007637024,1.011560434013034,0.16329073905944824
zephyr,trust/fear,0,BASE,0.08098068833351135,0.04870612174272537,0.02153799496591091,0.442203037221451,0.03227456659078598
zephyr,trust/fear,1,SFT,0.13271552324295044,0.05818001553416252,0.038291193544864655,0.6581502805268346,0.07453550770878792
zephyr,trust/fear,2,ALIGNED,0.18268200755119324,0.061136119067668915,0.05538933724164963,0.9060002186324843,0.12154588848352432
zephyr,beautiful/disgusting,0,BASE,0.07191581279039383,0.19677242636680603,0.07531362026929855,1.0472470149062765,-0.1248566135764122
zephyr,beautiful/disgusting,1,SFT,0.06497153639793396,0.2684730887413025,0.0963076800107956,1.4823057195528795,-0.20350155234336853
zephyr,beautiful/disgusting,2,ALIGNED,0.07447589933872223,0.30704939365386963,0.11360177397727966,1.525349475279377,-0.2325734943151474
zephyr,desire/disgust,0,BASE,0.1152925193309784,0.07525500655174255,0.037439581006765366,0.49750286023858487,0.04003751277923584
zephyr,desire/disgust,1,SFT,0.2091970443725586,0.12238560616970062,0.10691781342029572,0.873614281666774,0.08681143820285797
zephyr,desire/disgust,2,ALIGNED,0.24316874146461487,0.13913941383361816,0.13266944885253906,0.95350012765746,0.1040293276309967
zephyr,obey/rebel,0,BASE,0.05861782282590866,0.06327325850725174,0.02520223706960678,0.4299415408937292,-0.004655435681343079
zephyr,obey/rebel,1,SFT,0.09534662961959839,0.07645143568515778,0.03578881919384003,0.4681248804957111,0.018895193934440613
zephyr,obey/rebel,2,ALIGNED,0.12729305028915405,0.08904262632131577,0.0469047836959362,0.5267677474682454,0.03825042396783829
zephyr,sacred/profane,0,BASE,0.08977775275707245,0.1297006905078888,0.07256221771240234,0.8082427492782848,-0.039922937750816345
zephyr,sacred/profane,1,SFT,0.1606786549091339,0.19128304719924927,0.14354458451271057,0.8933643650047176,-0.030604392290115356
zephyr,sacred/profane,2,ALIGNED,0.15754663944244385,0.22102731466293335,0.15661489963531494,0.9940859429916987,-0.0634806752204895
zephyr,man/woman,0,BASE,0.03913640230894089,0.037579476833343506,0.0349394790828228,0.9297489488151073,0.0015569254755973816
zephyr,man/woman,1,SFT,0.04101677983999252,0.028776824474334717,0.03019317239522934,1.0492183535455006,0.012239955365657806
zephyr,man/woman,2,ALIGNED,0.05143727362155914,0.04008910804986954,0.04046358913183212,1.0093412176069556,0.011348165571689606
zephyr,human/animal,0,BASE,0.028920050710439682,0.08588096499443054,0.028070073574781418,0.9706094175225137,-0.05696091428399086
zephyr,human/animal,1,SFT,0.06259149312973022,0.043022267520427704,0.01861945539712906,0.43278647245378743,0.01956922560930252
zephyr,human/animal,2,ALIGNED,0.09671846777200699,0.041519150137901306,0.03510638326406479,0.8455467693212116,0.05519931763410568
zephyr,pleasure/pain,0,BASE,0.039290815591812134,0.19749391078948975,0.05439319461584091,1.3843742817895586,-0.1582030951976776
zephyr,pleasure/pain,1,SFT,0.07782436907291412,0.2155032604932785,0.0764295756816864,0.982077678138053,-0.13767889142036438
zephyr,pleasure/pain,2,ALIGNED,0.07346813380718231,0.2252008318901062,0.07115846127271652,0.9685622539354607,-0.1517326980829239
zephyr,create/destroy,0,BASE,0.0882645770907402,0.1623619645833969,0.07229480892419815,0.8190693402391271,-0.07409738749265671
zephyr,create/destroy,1,SFT,0.09541189670562744,0.23086228966712952,0.11151954531669617,1.1688222241379957,-0.13545039296150208
zephyr,create/destroy,2,ALIGNED,0.12472651153802872,0.30284184217453003,0.15354783833026886,1.2310761877073153,-0.1781153306365013
zephyr,free/captive,0,BASE,0.07836925238370895,0.09335288405418396,0.07042035460472107,0.8985712184662837,-0.014983631670475006
zephyr,free/captive,1,SFT,0.07588856667280197,0.12644590437412262,0.07784902304410934,1.0258333561596966,-0.05055733770132065
zephyr,free/captive,2,ALIGNED,0.10446340590715408,0.18916866183280945,0.11502210050821304,1.101075534627345,-0.08470525592565536
zephyr,innocent/guilty,0,BASE,0.06453986465930939,0.12186086922883987,0.06918169558048248,1.0719219190445506,-0.05732100456953049
zephyr,innocent/guilty,1,SFT,0.08718512952327728,0.13806548714637756,0.09863758087158203,1.1313578520892957,-0.05088035762310028
zephyr,innocent/guilty,2,ALIGNED,0.1031220406293869,0.1623278111219406,0.1181388720870018,1.1456219384911543,-0.05920577049255371
zephyr,rational/irrational,0,BASE,0.10760217905044556,0.12749746441841125,0.10486353933811188,0.9745484734928113,-0.019895285367965698
zephyr,rational/irrational,1,SFT,0.11219318211078644,0.16576559841632843,0.1252157986164093,1.1160731540064843,-0.05357241630554199
zephyr,rational/irrational,2,ALIGNED,0.12932679057121277,0.1873626410961151,0.14211054146289825,1.098848435310441,-0.058035850524902344
zephyr,faithful/unfaithful,0,BASE,0.06372153013944626,0.04610510915517807,0.030367646366357803,0.6586611966181021,0.01761642098426819
zephyr,faithful/unfaithful,1,SFT,0.08290079981088638,0.04399626702070236,0.03685852512717247,0.8377648292258241,0.03890453279018402
zephyr,faithful/unfaithful,2,ALIGNED,0.08345545828342438,0.05966532975435257,0.04360887408256531,0.7308913612328448,0.023790128529071808
zephyr,rich/poor,0,BASE,0.09619765728712082,0.12063886225223541,0.07723086327314377,0.802835177603474,-0.024441204965114594
zephyr,rich/poor,1,SFT,0.13840168714523315,0.13765385746955872,0.10028087347745895,0.728500278313199,0.0007478296756744385
zephyr,rich/poor,2,ALIGNED,0.17285367846488953,0.18407860398292542,0.1382281482219696,0.7996830003825858,-0.011224925518035889
