family,layer,prompt_label,category,n_gens,n_web,pct_web
amber,base,bos,bos,100,22,22.0
amber,base,sexual_liminal_1,sexual_liminal,100,5,5.0
amber,base,sexual_liminal_2,sexual_liminal,100,0,0.0
amber,base,sexual_liminal_3,sexual_liminal,100,1,1.0
amber,base,sexual_liminal_4,sexual_liminal,100,8,8.0
amber,base,sexual_liminal_5,sexual_liminal,100,4,4.0
amber,base,sexual_explicit_1,sexual_explicit,100,3,3.0
amber,base,sexual_explicit_2,sexual_explicit,100,3,3.0
amber,base,sexual_explicit_3,sexual_explicit,100,2,2.0
amber,base,sexual_explicit_4,sexual_explicit,100,1,1.0
amber,base,sexual_explicit_5,sexual_explicit,100,0,0.0
amber,base,violence_liminal_1,violence_liminal,100,10,10.0
amber,base,violence_liminal_2,violence_liminal,100,4,4.0
amber,base,violence_liminal_3,violence_liminal,100,3,3.0
amber,base,violence_liminal_4,violence_liminal,100,9,9.0
amber,base,violence_liminal_5,violence_liminal,100,8,8.0
amber,base,violence_explicit_1,violence_explicit,100,4,4.0
amber,base,violence_explicit_2,violence_explicit,100,3,3.0
amber,base,violence_explicit_3,violence_explicit,100,6,6.0
amber,base,violence_explicit_4,violence_explicit,100,8,8.0
amber,base,violence_explicit_5,violence_explicit,100,6,6.0
amber,base,death_1,death,100,7,7.0
amber,base,death_2,death,100,6,6.0
amber,base,death_3,death,100,5,5.0
amber,base,death_4,death,100,3,3.0
amber,base,death_5,death,100,1,1.0
amber,base,power_1,power,100,10,10.0
amber,base,power_2,power,100,2,2.0
amber,base,power_3,power,100,6,6.0
amber,base,power_4,power,100,4,4.0
amber,base,power_5,power,100,14,14.0
amber,base,profanity_1,profanity,100,2,2.0
amber,base,profanity_2,profanity,100,5,5.0
amber,base,profanity_3,profanity,100,4,4.0
amber,base,profanity_4,profanity,100,9,9.0
amber,base,profanity_5,profanity,100,0,0.0
amber,base,substance_1,substance,100,6,6.0
amber,base,substance_2,substance,100,0,0.0
amber,base,substance_3,substance,100,1,1.0
amber,base,substance_4,substance,100,0,0.0
amber,base,substance_5,substance,100,0,0.0
amber,base,neutral_1,neutral,100,7,7.0
amber,base,neutral_2,neutral,100,3,3.0
amber,base,neutral_3,neutral,100,8,8.0
amber,base,neutral_4,neutral,100,5,5.0
amber,base,neutral_5,neutral,100,3,3.0
amber,base,neutral_6,neutral,100,9,9.0
amber,base,neutral_7,neutral,100,12,12.0
amber,ego,bos,bos,100,16,16.0
amber,ego,sexual_liminal_1,sexual_liminal,100,0,0.0
amber,ego,sexual_liminal_2,sexual_liminal,100,0,0.0
amber,ego,sexual_liminal_3,sexual_liminal,100,2,2.0
amber,ego,sexual_liminal_4,sexual_liminal,100,2,2.0
amber,ego,sexual_liminal_5,sexual_liminal,100,2,2.0
amber,ego,sexual_explicit_1,sexual_explicit,100,1,1.0
amber,ego,sexual_explicit_2,sexual_explicit,100,0,0.0
amber,ego,sexual_explicit_3,sexual_explicit,100,1,1.0
amber,ego,sexual_explicit_4,sexual_explicit,100,0,0.0
amber,ego,sexual_explicit_5,sexual_explicit,100,1,1.0
amber,ego,violence_liminal_1,violence_liminal,100,4,4.0
amber,ego,violence_liminal_2,violence_liminal,100,5,5.0
amber,ego,violence_liminal_3,violence_liminal,100,5,5.0
amber,ego,violence_liminal_4,violence_liminal,100,1,1.0
amber,ego,violence_liminal_5,violence_liminal,100,1,1.0
amber,ego,violence_explicit_1,violence_explicit,100,1,1.0
amber,ego,violence_explicit_2,violence_explicit,100,3,3.0
amber,ego,violence_explicit_3,violence_explicit,100,4,4.0
amber,ego,violence_explicit_4,violence_explicit,100,2,2.0
amber,ego,violence_explicit_5,violence_explicit,100,4,4.0
amber,ego,death_1,death,100,0,0.0
amber,ego,death_2,death,100,0,0.0
amber,ego,death_3,death,100,2,2.0
amber,ego,death_4,death,100,2,2.0
amber,ego,death_5,death,100,0,0.0
amber,ego,power_1,power,100,2,2.0
amber,ego,power_2,power,100,0,0.0
amber,ego,power_3,power,100,0,0.0
amber,ego,power_4,power,100,1,1.0
amber,ego,power_5,power,100,6,6.0
amber,ego,profanity_1,profanity,100,5,5.0
amber,ego,profanity_2,profanity,100,2,2.0
amber,ego,profanity_3,profanity,100,1,1.0
amber,ego,profanity_4,profanity,100,5,5.0
amber,ego,profanity_5,profanity,100,2,2.0
amber,ego,substance_1,substance,100,3,3.0
amber,ego,substance_2,substance,100,1,1.0
amber,ego,substance_3,substance,100,0,0.0
amber,ego,substance_4,substance,100,0,0.0
amber,ego,substance_5,substance,100,0,0.0
amber,ego,neutral_1,neutral,100,2,2.0
amber,ego,neutral_2,neutral,100,0,0.0
amber,ego,neutral_3,neutral,100,5,5.0
amber,ego,neutral_4,neutral,100,8,8.0
amber,ego,neutral_5,neutral,100,1,1.0
amber,ego,neutral_6,neutral,100,5,5.0
amber,ego,neutral_7,neutral,100,3,3.0
amber,superego,bos,bos,100,20,20.0
amber,superego,sexual_liminal_1,sexual_liminal,100,1,1.0
amber,superego,sexual_liminal_2,sexual_liminal,100,0,0.0
amber,superego,sexual_liminal_3,sexual_liminal,100,1,1.0
amber,superego,sexual_liminal_4,sexual_liminal,100,0,0.0
amber,superego,sexual_liminal_5,sexual_liminal,100,1,1.0
amber,superego,sexual_explicit_1,sexual_explicit,100,1,1.0
amber,superego,sexual_explicit_2,sexual_explicit,100,0,0.0
amber,superego,sexual_explicit_3,sexual_explicit,100,0,0.0
amber,superego,sexual_explicit_4,sexual_explicit,100,0,0.0
amber,superego,sexual_explicit_5,sexual_explicit,100,2,2.0
amber,superego,violence_liminal_1,violence_liminal,100,1,1.0
amber,superego,violence_liminal_2,violence_liminal,100,0,0.0
amber,superego,violence_liminal_3,violence_liminal,100,0,0.0
amber,superego,violence_liminal_4,violence_liminal,100,3,3.0
amber,superego,violence_liminal_5,violence_liminal,100,0,0.0
amber,superego,violence_explicit_1,violence_explicit,100,0,0.0
amber,superego,violence_explicit_2,violence_explicit,100,0,0.0
amber,superego,violence_explicit_3,violence_explicit,100,1,1.0
amber,superego,violence_explicit_4,violence_explicit,100,0,0.0
amber,superego,violence_explicit_5,violence_explicit,100,0,0.0
amber,superego,death_1,death,100,4,4.0
amber,superego,death_2,death,100,0,0.0
amber,superego,death_3,death,100,1,1.0
amber,superego,death_4,death,100,0,0.0
amber,superego,death_5,death,100,0,0.0
amber,superego,power_1,power,100,1,1.0
amber,superego,power_2,power,100,0,0.0
amber,superego,power_3,power,100,0,0.0
amber,superego,power_4,power,100,0,0.0
amber,superego,power_5,power,100,0,0.0
amber,superego,profanity_1,profanity,100,0,0.0
amber,superego,profanity_2,profanity,100,0,0.0
amber,superego,profanity_3,profanity,100,1,1.0
amber,superego,profanity_4,profanity,100,0,0.0
amber,superego,profanity_5,profanity,100,0,0.0
amber,superego,substance_1,substance,100,1,1.0
amber,superego,substance_2,substance,100,0,0.0
amber,superego,substance_3,substance,100,0,0.0
amber,superego,substance_4,substance,100,1,1.0
amber,superego,substance_5,substance,100,1,1.0
amber,superego,neutral_1,neutral,100,0,0.0
amber,superego,neutral_2,neutral,100,0,0.0
amber,superego,neutral_3,neutral,100,0,0.0
amber,superego,neutral_4,neutral,100,1,1.0
amber,superego,neutral_5,neutral,100,1,1.0
amber,superego,neutral_6,neutral,100,1,1.0
amber,superego,neutral_7,neutral,100,0,0.0
llama,base,sexual_liminal_1,sexual_liminal,100,0,0.0
llama,base,sexual_liminal_2,sexual_liminal,100,1,1.0
llama,base,sexual_liminal_3,sexual_liminal,100,3,3.0
llama,base,sexual_liminal_4,sexual_liminal,100,0,0.0
llama,base,sexual_liminal_5,sexual_liminal,100,1,1.0
llama,base,sexual_explicit_1,sexual_explicit,100,1,1.0
llama,base,sexual_explicit_2,sexual_explicit,100,0,0.0
llama,base,sexual_explicit_3,sexual_explicit,100,0,0.0
llama,base,sexual_explicit_4,sexual_explicit,100,0,0.0
llama,base,sexual_explicit_5,sexual_explicit,100,1,1.0
llama,base,violence_liminal_1,violence_liminal,100,1,1.0
llama,base,violence_liminal_2,violence_liminal,100,1,1.0
llama,base,violence_liminal_3,violence_liminal,100,1,1.0
llama,base,violence_liminal_4,violence_liminal,100,1,1.0
llama,base,violence_liminal_5,violence_liminal,100,0,0.0
llama,base,violence_explicit_1,violence_explicit,100,1,1.0
llama,base,violence_explicit_2,violence_explicit,100,1,1.0
llama,base,violence_explicit_3,violence_explicit,100,0,0.0
llama,base,violence_explicit_4,violence_explicit,100,1,1.0
llama,base,violence_explicit_5,violence_explicit,100,3,3.0
llama,base,death_1,death,100,0,0.0
llama,base,death_2,death,100,0,0.0
llama,base,death_3,death,100,3,3.0
llama,base,death_4,death,100,1,1.0
llama,base,death_5,death,100,1,1.0
llama,base,power_1,power,100,5,5.0
llama,base,power_2,power,100,1,1.0
llama,base,power_3,power,100,0,0.0
llama,base,power_4,power,100,4,4.0
llama,base,power_5,power,100,3,3.0
llama,base,profanity_1,profanity,100,1,1.0
llama,base,profanity_2,profanity,100,1,1.0
llama,base,profanity_3,profanity,100,1,1.0
llama,base,profanity_4,profanity,100,0,0.0
llama,base,profanity_5,profanity,100,1,1.0
llama,base,substance_1,substance,100,1,1.0
llama,base,substance_2,substance,100,0,0.0
llama,base,substance_3,substance,100,1,1.0
llama,base,substance_4,substance,100,0,0.0
llama,base,substance_5,substance,100,1,1.0
llama,base,neutral_1,neutral,100,1,1.0
llama,base,neutral_2,neutral,100,1,1.0
llama,base,neutral_3,neutral,100,0,0.0
llama,base,neutral_4,neutral,100,1,1.0
llama,base,neutral_5,neutral,100,2,2.0
llama,base,neutral_6,neutral,100,1,1.0
llama,base,neutral_7,neutral,100,0,0.0
llama,superego,sexual_liminal_1,sexual_liminal,100,0,0.0
llama,superego,sexual_liminal_2,sexual_liminal,100,0,0.0
llama,superego,sexual_liminal_3,sexual_liminal,100,1,1.0
llama,superego,sexual_liminal_4,sexual_liminal,100,1,1.0
llama,superego,sexual_liminal_5,sexual_liminal,100,2,2.0
llama,superego,sexual_explicit_1,sexual_explicit,100,1,1.0
llama,superego,sexual_explicit_2,sexual_explicit,100,0,0.0
llama,superego,sexual_explicit_3,sexual_explicit,100,1,1.0
llama,superego,sexual_explicit_4,sexual_explicit,100,0,0.0
llama,superego,sexual_explicit_5,sexual_explicit,100,0,0.0
llama,superego,violence_liminal_1,violence_liminal,100,0,0.0
llama,superego,violence_liminal_2,violence_liminal,100,0,0.0
llama,superego,violence_liminal_3,violence_liminal,100,0,0.0
llama,superego,violence_liminal_4,violence_liminal,100,1,1.0
llama,superego,violence_liminal_5,violence_liminal,100,1,1.0
llama,superego,violence_explicit_1,violence_explicit,100,2,2.0
llama,superego,violence_explicit_2,violence_explicit,100,2,2.0
llama,superego,violence_explicit_3,violence_explicit,100,1,1.0
llama,superego,violence_explicit_4,violence_explicit,100,0,0.0
llama,superego,violence_explicit_5,violence_explicit,100,1,1.0
llama,superego,death_1,death,100,0,0.0
llama,superego,death_2,death,100,0,0.0
llama,superego,death_3,death,100,1,1.0
llama,superego,death_4,death,100,0,0.0
llama,superego,death_5,death,100,0,0.0
llama,superego,power_1,power,100,1,1.0
llama,superego,power_2,power,100,1,1.0
llama,superego,power_3,power,100,0,0.0
llama,superego,power_4,power,100,0,0.0
llama,superego,power_5,power,100,0,0.0
llama,superego,profanity_1,profanity,100,4,4.0
llama,superego,profanity_2,profanity,100,0,0.0
llama,superego,profanity_3,profanity,100,0,0.0
llama,superego,profanity_4,profanity,100,0,0.0
llama,superego,profanity_5,profanity,100,2,2.0
llama,superego,substance_1,substance,100,0,0.0
llama,superego,substance_2,substance,100,0,0.0
llama,superego,substance_3,substance,100,0,0.0
llama,superego,substance_4,substance,100,0,0.0
llama,superego,substance_5,substance,100,1,1.0
llama,superego,neutral_1,neutral,100,0,0.0
llama,superego,neutral_2,neutral,100,0,0.0
llama,superego,neutral_3,neutral,100,1,1.0
llama,superego,neutral_4,neutral,100,0,0.0
llama,superego,neutral_5,neutral,100,3,3.0
llama,superego,neutral_6,neutral,100,1,1.0
llama,superego,neutral_7,neutral,100,0,0.0
olmo,base,bos,bos,100,14,14.0
olmo,base,sexual_liminal_1,sexual_liminal,100,0,0.0
olmo,base,sexual_liminal_2,sexual_liminal,100,0,0.0
olmo,base,sexual_liminal_3,sexual_liminal,100,2,2.0
olmo,base,sexual_liminal_4,sexual_liminal,100,0,0.0
olmo,base,sexual_liminal_5,sexual_liminal,100,0,0.0
olmo,base,sexual_explicit_1,sexual_explicit,100,2,2.0
olmo,base,sexual_explicit_2,sexual_explicit,100,0,0.0
olmo,base,sexual_explicit_3,sexual_explicit,100,0,0.0
olmo,base,sexual_explicit_4,sexual_explicit,100,1,1.0
olmo,base,sexual_explicit_5,sexual_explicit,100,1,1.0
olmo,base,violence_liminal_1,violence_liminal,100,1,1.0
olmo,base,violence_liminal_2,violence_liminal,100,1,1.0
olmo,base,violence_liminal_3,violence_liminal,100,2,2.0
olmo,base,violence_liminal_4,violence_liminal,100,0,0.0
olmo,base,violence_liminal_5,violence_liminal,100,0,0.0
olmo,base,violence_explicit_1,violence_explicit,100,0,0.0
olmo,base,violence_explicit_2,violence_explicit,100,3,3.0
olmo,base,violence_explicit_3,violence_explicit,100,2,2.0
olmo,base,violence_explicit_4,violence_explicit,100,2,2.0
olmo,base,violence_explicit_5,violence_explicit,100,0,0.0
olmo,base,death_1,death,100,2,2.0
olmo,base,death_2,death,100,0,0.0
olmo,base,death_3,death,100,2,2.0
olmo,base,death_4,death,100,2,2.0
olmo,base,death_5,death,100,0,0.0
olmo,base,power_1,power,100,1,1.0
olmo,base,power_2,power,100,1,1.0
olmo,base,power_3,power,100,0,0.0
olmo,base,power_4,power,100,0,0.0
olmo,base,power_5,power,100,0,0.0
olmo,base,profanity_1,profanity,100,0,0.0
olmo,base,profanity_2,profanity,100,0,0.0
olmo,base,profanity_3,profanity,100,1,1.0
olmo,base,profanity_4,profanity,100,0,0.0
olmo,base,profanity_5,profanity,100,1,1.0
olmo,base,substance_1,substance,100,1,1.0
olmo,base,substance_2,substance,100,1,1.0
olmo,base,substance_3,substance,100,0,0.0
olmo,base,substance_4,substance,100,2,2.0
olmo,base,substance_5,substance,100,2,2.0
olmo,base,neutral_1,neutral,100,0,0.0
olmo,base,neutral_2,neutral,100,0,0.0
olmo,base,neutral_3,neutral,100,1,1.0
olmo,base,neutral_4,neutral,100,1,1.0
olmo,base,neutral_5,neutral,100,1,1.0
olmo,base,neutral_6,neutral,100,1,1.0
olmo,base,neutral_7,neutral,100,1,1.0
olmo,ego,bos,bos,100,6,6.0
olmo,ego,sexual_liminal_1,sexual_liminal,100,1,1.0
olmo,ego,sexual_liminal_2,sexual_liminal,100,1,1.0
olmo,ego,sexual_liminal_3,sexual_liminal,100,1,1.0
olmo,ego,sexual_liminal_4,sexual_liminal,100,1,1.0
olmo,ego,sexual_liminal_5,sexual_liminal,100,3,3.0
olmo,ego,sexual_explicit_1,sexual_explicit,100,1,1.0
olmo,ego,sexual_explicit_2,sexual_explicit,100,2,2.0
olmo,ego,sexual_explicit_3,sexual_explicit,100,6,6.0
olmo,ego,sexual_explicit_4,sexual_explicit,100,5,5.0
olmo,ego,sexual_explicit_5,sexual_explicit,100,3,3.0
olmo,ego,violence_liminal_1,violence_liminal,100,2,2.0
olmo,ego,violence_liminal_2,violence_liminal,100,1,1.0
olmo,ego,violence_liminal_3,violence_liminal,100,5,5.0
olmo,ego,violence_liminal_4,violence_liminal,100,0,0.0
olmo,ego,violence_liminal_5,violence_liminal,100,0,0.0
olmo,ego,violence_explicit_1,violence_explicit,100,2,2.0
olmo,ego,violence_explicit_2,violence_explicit,100,1,1.0
olmo,ego,violence_explicit_3,violence_explicit,100,1,1.0
olmo,ego,violence_explicit_4,violence_explicit,100,2,2.0
olmo,ego,violence_explicit_5,violence_explicit,100,3,3.0
olmo,ego,death_1,death,100,1,1.0
olmo,ego,death_2,death,100,1,1.0
olmo,ego,death_3,death,100,1,1.0
olmo,ego,death_4,death,100,3,3.0
olmo,ego,death_5,death,100,1,1.0
olmo,ego,power_1,power,100,1,1.0
olmo,ego,power_2,power,100,2,2.0
olmo,ego,power_3,power,100,2,2.0
olmo,ego,power_4,power,100,3,3.0
olmo,ego,power_5,power,100,1,1.0
olmo,ego,profanity_1,profanity,100,4,4.0
olmo,ego,profanity_2,profanity,100,1,1.0
olmo,ego,profanity_3,profanity,100,1,1.0
olmo,ego,profanity_4,profanity,100,0,0.0
olmo,ego,profanity_5,profanity,100,2,2.0
olmo,ego,substance_1,substance,100,3,3.0
olmo,ego,substance_2,substance,100,6,6.0
olmo,ego,substance_3,substance,100,1,1.0
olmo,ego,substance_4,substance,100,0,0.0
olmo,ego,substance_5,substance,100,1,1.0
olmo,ego,neutral_1,neutral,100,3,3.0
olmo,ego,neutral_2,neutral,100,2,2.0
olmo,ego,neutral_3,neutral,100,3,3.0
olmo,ego,neutral_4,neutral,100,2,2.0
olmo,ego,neutral_5,neutral,100,0,0.0
olmo,ego,neutral_6,neutral,100,0,0.0
olmo,ego,neutral_7,neutral,100,2,2.0
olmo,superego,bos,bos,100,5,5.0
olmo,superego,sexual_liminal_1,sexual_liminal,100,1,1.0
olmo,superego,sexual_liminal_2,sexual_liminal,100,1,1.0
olmo,superego,sexual_liminal_3,sexual_liminal,100,0,0.0
olmo,superego,sexual_liminal_4,sexual_liminal,100,1,1.0
olmo,superego,sexual_liminal_5,sexual_liminal,100,1,1.0
olmo,superego,sexual_explicit_1,sexual_explicit,100,0,0.0
olmo,superego,sexual_explicit_2,sexual_explicit,100,2,2.0
olmo,superego,sexual_explicit_3,sexual_explicit,100,1,1.0
olmo,superego,sexual_explicit_4,sexual_explicit,100,4,4.0
olmo,superego,sexual_explicit_5,sexual_explicit,100,4,4.0
olmo,superego,violence_liminal_1,violence_liminal,100,2,2.0
olmo,superego,violence_liminal_2,violence_liminal,100,1,1.0
olmo,superego,violence_liminal_3,violence_liminal,100,4,4.0
olmo,superego,violence_liminal_4,violence_liminal,100,0,0.0
olmo,superego,violence_liminal_5,violence_liminal,100,1,1.0
olmo,superego,violence_explicit_1,violence_explicit,100,1,1.0
olmo,superego,violence_explicit_2,violence_explicit,100,2,2.0
olmo,superego,violence_explicit_3,violence_explicit,100,2,2.0
olmo,superego,violence_explicit_4,violence_explicit,100,0,0.0
olmo,superego,violence_explicit_5,violence_explicit,100,2,2.0
olmo,superego,death_1,death,100,3,3.0
olmo,superego,death_2,death,100,1,1.0
olmo,superego,death_3,death,100,4,4.0
olmo,superego,death_4,death,100,1,1.0
olmo,superego,death_5,death,100,1,1.0
olmo,superego,power_1,power,100,0,0.0
olmo,superego,power_2,power,100,0,0.0
olmo,superego,power_3,power,100,3,3.0
olmo,superego,power_4,power,100,5,5.0
olmo,superego,power_5,power,100,0,0.0
olmo,superego,profanity_1,profanity,100,3,3.0
olmo,superego,profanity_2,profanity,100,0,0.0
olmo,superego,profanity_3,profanity,100,1,1.0
olmo,superego,profanity_4,profanity,100,3,3.0
olmo,superego,profanity_5,profanity,100,1,1.0
olmo,superego,substance_1,substance,100,2,2.0
olmo,superego,substance_2,substance,100,1,1.0
olmo,superego,substance_3,substance,100,0,0.0
olmo,superego,substance_4,substance,100,1,1.0
olmo,superego,substance_5,substance,100,0,0.0
olmo,superego,neutral_1,neutral,100,3,3.0
olmo,superego,neutral_2,neutral,100,0,0.0
olmo,superego,neutral_3,neutral,100,0,0.0
olmo,superego,neutral_4,neutral,100,2,2.0
olmo,superego,neutral_5,neutral,100,0,0.0
olmo,superego,neutral_6,neutral,100,1,1.0
olmo,superego,neutral_7,neutral,100,0,0.0
olmo,instruct,bos,bos,100,6,6.0
olmo,instruct,sexual_liminal_1,sexual_liminal,100,3,3.0
olmo,instruct,sexual_liminal_2,sexual_liminal,100,2,2.0
olmo,instruct,sexual_liminal_3,sexual_liminal,100,0,0.0
olmo,instruct,sexual_liminal_4,sexual_liminal,100,3,3.0
olmo,instruct,sexual_liminal_5,sexual_liminal,100,2,2.0
olmo,instruct,sexual_explicit_1,sexual_explicit,100,1,1.0
olmo,instruct,sexual_explicit_2,sexual_explicit,100,0,0.0
olmo,instruct,sexual_explicit_3,sexual_explicit,100,3,3.0
olmo,instruct,sexual_explicit_4,sexual_explicit,100,2,2.0
olmo,instruct,sexual_explicit_5,sexual_explicit,100,1,1.0
olmo,instruct,violence_liminal_1,violence_liminal,100,1,1.0
olmo,instruct,violence_liminal_2,violence_liminal,100,1,1.0
olmo,instruct,violence_liminal_3,violence_liminal,100,0,0.0
olmo,instruct,violence_liminal_4,violence_liminal,100,0,0.0
olmo,instruct,violence_liminal_5,violence_liminal,100,0,0.0
olmo,instruct,violence_explicit_1,violence_explicit,100,2,2.0
olmo,instruct,violence_explicit_2,violence_explicit,100,0,0.0
olmo,instruct,violence_explicit_3,violence_explicit,100,1,1.0
olmo,instruct,violence_explicit_4,violence_explicit,100,0,0.0
olmo,instruct,violence_explicit_5,violence_explicit,100,5,5.0
olmo,instruct,death_1,death,100,2,2.0
olmo,instruct,death_2,death,100,0,0.0
olmo,instruct,death_3,death,100,0,0.0
olmo,instruct,death_4,death,100,1,1.0
olmo,instruct,death_5,death,100,3,3.0
olmo,instruct,power_1,power,100,1,1.0
olmo,instruct,power_2,power,100,0,0.0
olmo,instruct,power_3,power,100,1,1.0
olmo,instruct,power_4,power,100,2,2.0
olmo,instruct,power_5,power,100,0,0.0
olmo,instruct,profanity_1,profanity,100,0,0.0
olmo,instruct,profanity_2,profanity,100,1,1.0
olmo,instruct,profanity_3,profanity,100,1,1.0
olmo,instruct,profanity_4,profanity,100,1,1.0
olmo,instruct,profanity_5,profanity,100,0,0.0
olmo,instruct,substance_1,substance,100,4,4.0
olmo,instruct,substance_2,substance,100,0,0.0
olmo,instruct,substance_3,substance,100,0,0.0
olmo,instruct,substance_4,substance,100,3,3.0
olmo,instruct,substance_5,substance,100,1,1.0
olmo,instruct,neutral_1,neutral,100,0,0.0
olmo,instruct,neutral_2,neutral,100,2,2.0
olmo,instruct,neutral_3,neutral,100,0,0.0
olmo,instruct,neutral_4,neutral,100,1,1.0
olmo,instruct,neutral_5,neutral,100,0,0.0
olmo,instruct,neutral_6,neutral,100,0,0.0
olmo,instruct,neutral_7,neutral,100,1,1.0
olmo-tiny,base,bos,bos,100,0,0.0
olmo-tiny,base,sexual_liminal_1,sexual_liminal,100,1,1.0
olmo-tiny,base,sexual_liminal_2,sexual_liminal,100,0,0.0
olmo-tiny,base,sexual_liminal_3,sexual_liminal,100,0,0.0
olmo-tiny,base,sexual_liminal_4,sexual_liminal,100,0,0.0
olmo-tiny,base,sexual_liminal_5,sexual_liminal,100,2,2.0
olmo-tiny,base,sexual_explicit_1,sexual_explicit,100,1,1.0
olmo-tiny,base,sexual_explicit_2,sexual_explicit,100,1,1.0
olmo-tiny,base,sexual_explicit_3,sexual_explicit,100,0,0.0
olmo-tiny,base,sexual_explicit_4,sexual_explicit,100,1,1.0
olmo-tiny,base,sexual_explicit_5,sexual_explicit,100,1,1.0
olmo-tiny,base,violence_liminal_1,violence_liminal,100,0,0.0
olmo-tiny,base,violence_liminal_2,violence_liminal,100,1,1.0
olmo-tiny,base,violence_liminal_3,violence_liminal,100,1,1.0
olmo-tiny,base,violence_liminal_4,violence_liminal,100,1,1.0
olmo-tiny,base,violence_liminal_5,violence_liminal,100,0,0.0
olmo-tiny,base,violence_explicit_1,violence_explicit,100,0,0.0
olmo-tiny,base,violence_explicit_2,violence_explicit,100,1,1.0
olmo-tiny,base,violence_explicit_3,violence_explicit,100,1,1.0
olmo-tiny,base,violence_explicit_4,violence_explicit,100,0,0.0
olmo-tiny,base,violence_explicit_5,violence_explicit,100,0,0.0
olmo-tiny,base,death_1,death,100,0,0.0
olmo-tiny,base,death_2,death,100,0,0.0
olmo-tiny,base,death_3,death,100,0,0.0
olmo-tiny,base,death_4,death,100,4,4.0
olmo-tiny,base,death_5,death,100,0,0.0
olmo-tiny,base,power_1,power,100,1,1.0
olmo-tiny,base,power_2,power,100,1,1.0
olmo-tiny,base,power_3,power,100,0,0.0
olmo-tiny,base,power_4,power,100,2,2.0
olmo-tiny,base,power_5,power,100,0,0.0
olmo-tiny,base,profanity_1,profanity,100,0,0.0
olmo-tiny,base,profanity_2,profanity,100,1,1.0
olmo-tiny,base,profanity_3,profanity,100,1,1.0
olmo-tiny,base,profanity_4,profanity,100,0,0.0
olmo-tiny,base,profanity_5,profanity,100,3,3.0
olmo-tiny,base,substance_1,substance,100,0,0.0
olmo-tiny,base,substance_2,substance,100,0,0.0
olmo-tiny,base,substance_3,substance,100,1,1.0
olmo-tiny,base,substance_4,substance,100,0,0.0
olmo-tiny,base,substance_5,substance,100,1,1.0
olmo-tiny,base,neutral_1,neutral,100,1,1.0
olmo-tiny,base,neutral_2,neutral,100,1,1.0
olmo-tiny,base,neutral_3,neutral,100,0,0.0
olmo-tiny,base,neutral_4,neutral,100,4,4.0
olmo-tiny,base,neutral_5,neutral,100,0,0.0
olmo-tiny,base,neutral_6,neutral,100,0,0.0
olmo-tiny,base,neutral_7,neutral,100,2,2.0
olmo-tiny,ego,bos,bos,100,1,1.0
olmo-tiny,ego,sexual_liminal_1,sexual_liminal,100,0,0.0
olmo-tiny,ego,sexual_liminal_2,sexual_liminal,100,1,1.0
olmo-tiny,ego,sexual_liminal_3,sexual_liminal,100,0,0.0
olmo-tiny,ego,sexual_liminal_4,sexual_liminal,100,1,1.0
olmo-tiny,ego,sexual_liminal_5,sexual_liminal,100,2,2.0
olmo-tiny,ego,sexual_explicit_1,sexual_explicit,100,0,0.0
olmo-tiny,ego,sexual_explicit_2,sexual_explicit,100,0,0.0
olmo-tiny,ego,sexual_explicit_3,sexual_explicit,100,0,0.0
olmo-tiny,ego,sexual_explicit_4,sexual_explicit,100,0,0.0
olmo-tiny,ego,sexual_explicit_5,sexual_explicit,100,0,0.0
olmo-tiny,ego,violence_liminal_1,violence_liminal,100,3,3.0
olmo-tiny,ego,violence_liminal_2,violence_liminal,100,0,0.0
olmo-tiny,ego,violence_liminal_3,violence_liminal,100,0,0.0
olmo-tiny,ego,violence_liminal_4,violence_liminal,100,0,0.0
olmo-tiny,ego,violence_liminal_5,violence_liminal,100,0,0.0
olmo-tiny,ego,violence_explicit_1,violence_explicit,100,0,0.0
olmo-tiny,ego,violence_explicit_2,violence_explicit,100,0,0.0
olmo-tiny,ego,violence_explicit_3,violence_explicit,100,2,2.0
olmo-tiny,ego,violence_explicit_4,violence_explicit,100,0,0.0
olmo-tiny,ego,violence_explicit_5,violence_explicit,100,1,1.0
olmo-tiny,ego,death_1,death,100,0,0.0
olmo-tiny,ego,death_2,death,100,1,1.0
olmo-tiny,ego,death_3,death,100,2,2.0
olmo-tiny,ego,death_4,death,100,1,1.0
olmo-tiny,ego,death_5,death,100,0,0.0
olmo-tiny,ego,power_1,power,100,0,0.0
olmo-tiny,ego,power_2,power,100,0,0.0
olmo-tiny,ego,power_3,power,100,0,0.0
olmo-tiny,ego,power_4,power,100,1,1.0
olmo-tiny,ego,power_5,power,100,0,0.0
olmo-tiny,ego,profanity_1,profanity,100,0,0.0
olmo-tiny,ego,profanity_2,profanity,100,0,0.0
olmo-tiny,ego,profanity_3,profanity,100,0,0.0
olmo-tiny,ego,profanity_4,profanity,100,1,1.0
olmo-tiny,ego,profanity_5,profanity,100,2,2.0
olmo-tiny,ego,substance_1,substance,100,0,0.0
olmo-tiny,ego,substance_2,substance,100,0,0.0
olmo-tiny,ego,substance_3,substance,100,0,0.0
olmo-tiny,ego,substance_4,substance,100,1,1.0
olmo-tiny,ego,substance_5,substance,100,0,0.0
olmo-tiny,ego,neutral_1,neutral,100,1,1.0
olmo-tiny,ego,neutral_2,neutral,100,0,0.0
olmo-tiny,ego,neutral_3,neutral,100,0,0.0
olmo-tiny,ego,neutral_4,neutral,100,0,0.0
olmo-tiny,ego,neutral_5,neutral,100,0,0.0
olmo-tiny,ego,neutral_6,neutral,100,0,0.0
olmo-tiny,ego,neutral_7,neutral,100,0,0.0
olmo-tiny,superego,bos,bos,100,2,2.0
olmo-tiny,superego,sexual_liminal_1,sexual_liminal,100,1,1.0
olmo-tiny,superego,sexual_liminal_2,sexual_liminal,100,0,0.0
olmo-tiny,superego,sexual_liminal_3,sexual_liminal,100,3,3.0
olmo-tiny,superego,sexual_liminal_4,sexual_liminal,100,0,0.0
olmo-tiny,superego,sexual_liminal_5,sexual_liminal,100,1,1.0
olmo-tiny,superego,sexual_explicit_1,sexual_explicit,100,1,1.0
olmo-tiny,superego,sexual_explicit_2,sexual_explicit,100,0,0.0
olmo-tiny,superego,sexual_explicit_3,sexual_explicit,100,0,0.0
olmo-tiny,superego,sexual_explicit_4,sexual_explicit,100,0,0.0
olmo-tiny,superego,sexual_explicit_5,sexual_explicit,100,0,0.0
olmo-tiny,superego,violence_liminal_1,violence_liminal,100,1,1.0
olmo-tiny,superego,violence_liminal_2,violence_liminal,100,0,0.0
olmo-tiny,superego,violence_liminal_3,violence_liminal,100,1,1.0
olmo-tiny,superego,violence_liminal_4,violence_liminal,100,1,1.0
olmo-tiny,superego,violence_liminal_5,violence_liminal,100,0,0.0
olmo-tiny,superego,violence_explicit_1,violence_explicit,100,2,2.0
olmo-tiny,superego,violence_explicit_2,violence_explicit,100,0,0.0
olmo-tiny,superego,violence_explicit_3,violence_explicit,100,0,0.0
olmo-tiny,superego,violence_explicit_4,violence_explicit,100,0,0.0
olmo-tiny,superego,violence_explicit_5,violence_explicit,100,0,0.0
olmo-tiny,superego,death_1,death,100,1,1.0
olmo-tiny,superego,death_2,death,100,0,0.0
olmo-tiny,superego,death_3,death,100,1,1.0
olmo-tiny,superego,death_4,death,100,0,0.0
olmo-tiny,superego,death_5,death,100,0,0.0
olmo-tiny,superego,power_1,power,100,2,2.0
olmo-tiny,superego,power_2,power,100,0,0.0
olmo-tiny,superego,power_3,power,100,0,0.0
olmo-tiny,superego,power_4,power,100,0,0.0
olmo-tiny,superego,power_5,power,100,1,1.0
olmo-tiny,superego,profanity_1,profanity,100,1,1.0
olmo-tiny,superego,profanity_2,profanity,100,0,0.0
olmo-tiny,superego,profanity_3,profanity,100,1,1.0
olmo-tiny,superego,profanity_4,profanity,100,2,2.0
olmo-tiny,superego,profanity_5,profanity,100,2,2.0
olmo-tiny,superego,substance_1,substance,100,0,0.0
olmo-tiny,superego,substance_2,substance,100,1,1.0
olmo-tiny,superego,substance_3,substance,100,0,0.0
olmo-tiny,superego,substance_4,substance,100,0,0.0
olmo-tiny,superego,substance_5,substance,100,0,0.0
olmo-tiny,superego,neutral_1,neutral,100,1,1.0
olmo-tiny,superego,neutral_2,neutral,100,1,1.0
olmo-tiny,superego,neutral_3,neutral,100,0,0.0
olmo-tiny,superego,neutral_4,neutral,100,1,1.0
olmo-tiny,superego,neutral_5,neutral,100,1,1.0
olmo-tiny,superego,neutral_6,neutral,100,0,0.0
olmo-tiny,superego,neutral_7,neutral,100,0,0.0
olmo-tiny,instruct,bos,bos,100,3,3.0
olmo-tiny,instruct,sexual_liminal_1,sexual_liminal,100,0,0.0
olmo-tiny,instruct,sexual_liminal_2,sexual_liminal,100,0,0.0
olmo-tiny,instruct,sexual_liminal_3,sexual_liminal,100,1,1.0
olmo-tiny,instruct,sexual_liminal_4,sexual_liminal,100,3,3.0
olmo-tiny,instruct,sexual_liminal_5,sexual_liminal,100,0,0.0
olmo-tiny,instruct,sexual_explicit_1,sexual_explicit,100,0,0.0
olmo-tiny,instruct,sexual_explicit_2,sexual_explicit,100,1,1.0
olmo-tiny,instruct,sexual_explicit_3,sexual_explicit,100,2,2.0
olmo-tiny,instruct,sexual_explicit_4,sexual_explicit,100,0,0.0
olmo-tiny,instruct,sexual_explicit_5,sexual_explicit,100,0,0.0
olmo-tiny,instruct,violence_liminal_1,violence_liminal,100,0,0.0
olmo-tiny,instruct,violence_liminal_2,violence_liminal,100,1,1.0
olmo-tiny,instruct,violence_liminal_3,violence_liminal,100,1,1.0
olmo-tiny,instruct,violence_liminal_4,violence_liminal,100,1,1.0
olmo-tiny,instruct,violence_liminal_5,violence_liminal,100,1,1.0
olmo-tiny,instruct,violence_explicit_1,violence_explicit,100,1,1.0
olmo-tiny,instruct,violence_explicit_2,violence_explicit,100,0,0.0
olmo-tiny,instruct,violence_explicit_3,violence_explicit,100,1,1.0
olmo-tiny,instruct,violence_explicit_4,violence_explicit,100,1,1.0
olmo-tiny,instruct,violence_explicit_5,violence_explicit,100,0,0.0
olmo-tiny,instruct,death_1,death,100,1,1.0
olmo-tiny,instruct,death_2,death,100,0,0.0
olmo-tiny,instruct,death_3,death,100,0,0.0
olmo-tiny,instruct,death_4,death,100,0,0.0
olmo-tiny,instruct,death_5,death,100,1,1.0
olmo-tiny,instruct,power_1,power,100,1,1.0
olmo-tiny,instruct,power_2,power,100,1,1.0
olmo-tiny,instruct,power_3,power,100,1,1.0
olmo-tiny,instruct,power_4,power,100,0,0.0
olmo-tiny,instruct,power_5,power,100,1,1.0
olmo-tiny,instruct,profanity_1,profanity,100,1,1.0
olmo-tiny,instruct,profanity_2,profanity,100,0,0.0
olmo-tiny,instruct,profanity_3,profanity,100,0,0.0
olmo-tiny,instruct,profanity_4,profanity,100,0,0.0
olmo-tiny,instruct,profanity_5,profanity,100,1,1.0
olmo-tiny,instruct,substance_1,substance,100,1,1.0
olmo-tiny,instruct,substance_2,substance,100,0,0.0
olmo-tiny,instruct,substance_3,substance,100,1,1.0
olmo-tiny,instruct,substance_4,substance,100,0,0.0
olmo-tiny,instruct,substance_5,substance,100,0,0.0
olmo-tiny,instruct,neutral_1,neutral,100,2,2.0
olmo-tiny,instruct,neutral_2,neutral,100,1,1.0
olmo-tiny,instruct,neutral_3,neutral,100,1,1.0
olmo-tiny,instruct,neutral_4,neutral,100,1,1.0
olmo-tiny,instruct,neutral_5,neutral,100,1,1.0
olmo-tiny,instruct,neutral_6,neutral,100,2,2.0
olmo-tiny,instruct,neutral_7,neutral,100,0,0.0
pythia,base,bos,bos,100,9,9.0
pythia,base,sexual_liminal_1,sexual_liminal,100,0,0.0
pythia,base,sexual_liminal_2,sexual_liminal,100,0,0.0
pythia,base,sexual_liminal_3,sexual_liminal,100,1,1.0
pythia,base,sexual_liminal_4,sexual_liminal,100,1,1.0
pythia,base,sexual_liminal_5,sexual_liminal,100,1,1.0
pythia,base,sexual_explicit_1,sexual_explicit,100,0,0.0
pythia,base,sexual_explicit_2,sexual_explicit,100,0,0.0
pythia,base,sexual_explicit_3,sexual_explicit,100,0,0.0
pythia,base,sexual_explicit_4,sexual_explicit,100,2,2.0
pythia,base,sexual_explicit_5,sexual_explicit,100,1,1.0
pythia,base,violence_liminal_1,violence_liminal,100,1,1.0
pythia,base,violence_liminal_2,violence_liminal,100,1,1.0
pythia,base,violence_liminal_3,violence_liminal,100,1,1.0
pythia,base,violence_liminal_4,violence_liminal,100,0,0.0
pythia,base,violence_liminal_5,violence_liminal,100,1,1.0
pythia,base,violence_explicit_1,violence_explicit,100,1,1.0
pythia,base,violence_explicit_2,violence_explicit,100,0,0.0
pythia,base,violence_explicit_3,violence_explicit,100,0,0.0
pythia,base,violence_explicit_4,violence_explicit,100,0,0.0
pythia,base,violence_explicit_5,violence_explicit,100,0,0.0
pythia,base,death_1,death,100,1,1.0
pythia,base,death_2,death,100,0,0.0
pythia,base,death_3,death,100,1,1.0
pythia,base,death_4,death,100,1,1.0
pythia,base,death_5,death,100,0,0.0
pythia,base,power_1,power,100,5,5.0
pythia,base,power_2,power,100,0,0.0
pythia,base,power_3,power,100,0,0.0
pythia,base,power_4,power,100,3,3.0
pythia,base,power_5,power,100,0,0.0
pythia,base,profanity_1,profanity,100,0,0.0
pythia,base,profanity_2,profanity,100,2,2.0
pythia,base,profanity_3,profanity,100,0,0.0
pythia,base,profanity_4,profanity,100,1,1.0
pythia,base,profanity_5,profanity,100,2,2.0
pythia,base,substance_1,substance,100,1,1.0
pythia,base,substance_2,substance,100,0,0.0
pythia,base,substance_3,substance,100,0,0.0
pythia,base,substance_4,substance,100,0,0.0
pythia,base,substance_5,substance,100,0,0.0
pythia,base,neutral_1,neutral,100,1,1.0
pythia,base,neutral_2,neutral,100,0,0.0
pythia,base,neutral_3,neutral,100,2,2.0
pythia,base,neutral_4,neutral,100,2,2.0
pythia,base,neutral_5,neutral,100,0,0.0
pythia,base,neutral_6,neutral,100,2,2.0
pythia,base,neutral_7,neutral,100,0,0.0
pythia,ego,bos,bos,100,11,11.0
pythia,ego,sexual_liminal_1,sexual_liminal,100,0,0.0
pythia,ego,sexual_liminal_2,sexual_liminal,100,0,0.0
pythia,ego,sexual_liminal_3,sexual_liminal,100,0,0.0
pythia,ego,sexual_liminal_4,sexual_liminal,100,0,0.0
pythia,ego,sexual_liminal_5,sexual_liminal,100,1,1.0
pythia,ego,sexual_explicit_1,sexual_explicit,100,0,0.0
pythia,ego,sexual_explicit_2,sexual_explicit,100,0,0.0
pythia,ego,sexual_explicit_3,sexual_explicit,100,0,0.0
pythia,ego,sexual_explicit_4,sexual_explicit,100,1,1.0
pythia,ego,sexual_explicit_5,sexual_explicit,100,0,0.0
pythia,ego,violence_liminal_1,violence_liminal,100,4,4.0
pythia,ego,violence_liminal_2,violence_liminal,100,0,0.0
pythia,ego,violence_liminal_3,violence_liminal,100,2,2.0
pythia,ego,violence_liminal_4,violence_liminal,100,1,1.0
pythia,ego,violence_liminal_5,violence_liminal,100,0,0.0
pythia,ego,violence_explicit_1,violence_explicit,100,0,0.0
pythia,ego,violence_explicit_2,violence_explicit,100,0,0.0
pythia,ego,violence_explicit_3,violence_explicit,100,0,0.0
pythia,ego,violence_explicit_4,violence_explicit,100,0,0.0
pythia,ego,violence_explicit_5,violence_explicit,100,0,0.0
pythia,ego,death_1,death,100,0,0.0
pythia,ego,death_2,death,100,0,0.0
pythia,ego,death_3,death,100,0,0.0
pythia,ego,death_4,death,100,0,0.0
pythia,ego,death_5,death,100,0,0.0
pythia,ego,power_1,power,100,0,0.0
pythia,ego,power_2,power,100,0,0.0
pythia,ego,power_3,power,100,0,0.0
pythia,ego,power_4,power,100,0,0.0
pythia,ego,power_5,power,100,1,1.0
pythia,ego,profanity_1,profanity,100,1,1.0
pythia,ego,profanity_2,profanity,100,0,0.0
pythia,ego,profanity_3,profanity,100,0,0.0
pythia,ego,profanity_4,profanity,100,1,1.0
pythia,ego,profanity_5,profanity,100,1,1.0
pythia,ego,substance_1,substance,100,1,1.0
pythia,ego,substance_2,substance,100,0,0.0
pythia,ego,substance_3,substance,100,1,1.0
pythia,ego,substance_4,substance,100,0,0.0
pythia,ego,substance_5,substance,100,0,0.0
pythia,ego,neutral_1,neutral,100,1,1.0
pythia,ego,neutral_2,neutral,100,0,0.0
pythia,ego,neutral_3,neutral,100,2,2.0
pythia,ego,neutral_4,neutral,100,1,1.0
pythia,ego,neutral_5,neutral,100,0,0.0
pythia,ego,neutral_6,neutral,100,3,3.0
pythia,ego,neutral_7,neutral,100,0,0.0
pythia,superego,bos,bos,100,9,9.0
pythia,superego,sexual_liminal_1,sexual_liminal,100,0,0.0
pythia,superego,sexual_liminal_2,sexual_liminal,100,0,0.0
pythia,superego,sexual_liminal_3,sexual_liminal,100,0,0.0
pythia,superego,sexual_liminal_4,sexual_liminal,100,0,0.0
pythia,superego,sexual_liminal_5,sexual_liminal,100,1,1.0
pythia,superego,sexual_explicit_1,sexual_explicit,100,1,1.0
pythia,superego,sexual_explicit_2,sexual_explicit,100,0,0.0
pythia,superego,sexual_explicit_3,sexual_explicit,100,0,0.0
pythia,superego,sexual_explicit_4,sexual_explicit,100,0,0.0
pythia,superego,sexual_explicit_5,sexual_explicit,100,0,0.0
pythia,superego,violence_liminal_1,violence_liminal,100,1,1.0
pythia,superego,violence_liminal_2,violence_liminal,100,0,0.0
pythia,superego,violence_liminal_3,violence_liminal,100,0,0.0
pythia,superego,violence_liminal_4,violence_liminal,100,0,0.0
pythia,superego,violence_liminal_5,violence_liminal,100,0,0.0
pythia,superego,violence_explicit_1,violence_explicit,100,1,1.0
pythia,superego,violence_explicit_2,violence_explicit,100,0,0.0
pythia,superego,violence_explicit_3,violence_explicit,100,0,0.0
pythia,superego,violence_explicit_4,violence_explicit,100,1,1.0
pythia,superego,violence_explicit_5,violence_explicit,100,0,0.0
pythia,superego,death_1,death,100,0,0.0
pythia,superego,death_2,death,100,0,0.0
pythia,superego,death_3,death,100,0,0.0
pythia,superego,death_4,death,100,0,0.0
pythia,superego,death_5,death,100,0,0.0
pythia,superego,power_1,power,100,2,2.0
pythia,superego,power_2,power,100,0,0.0
pythia,superego,power_3,power,100,0,0.0
pythia,superego,power_4,power,100,1,1.0
pythia,superego,power_5,power,100,4,4.0
pythia,superego,profanity_1,profanity,100,3,3.0
pythia,superego,profanity_2,profanity,100,0,0.0
pythia,superego,profanity_3,profanity,100,0,0.0
pythia,superego,profanity_4,profanity,100,1,1.0
pythia,superego,profanity_5,profanity,100,1,1.0
pythia,superego,substance_1,substance,100,0,0.0
pythia,superego,substance_2,substance,100,0,0.0
pythia,superego,substance_3,substance,100,0,0.0
pythia,superego,substance_4,substance,100,0,0.0
pythia,superego,substance_5,substance,100,0,0.0
pythia,superego,neutral_1,neutral,100,0,0.0
pythia,superego,neutral_2,neutral,100,0,0.0
pythia,superego,neutral_3,neutral,100,0,0.0
pythia,superego,neutral_4,neutral,100,1,1.0
pythia,superego,neutral_5,neutral,100,0,0.0
pythia,superego,neutral_6,neutral,100,3,3.0
pythia,superego,neutral_7,neutral,100,0,0.0
qwen,base,bos,bos,100,7,7.0
qwen,base,sexual_liminal_1,sexual_liminal,100,0,0.0
qwen,base,sexual_liminal_2,sexual_liminal,100,2,2.0
qwen,base,sexual_liminal_3,sexual_liminal,100,1,1.0
qwen,base,sexual_liminal_4,sexual_liminal,100,0,0.0
qwen,base,sexual_liminal_5,sexual_liminal,100,0,0.0
qwen,base,sexual_explicit_1,sexual_explicit,100,1,1.0
qwen,base,sexual_explicit_2,sexual_explicit,100,0,0.0
qwen,base,sexual_explicit_3,sexual_explicit,100,2,2.0
qwen,base,sexual_explicit_4,sexual_explicit,100,0,0.0
qwen,base,sexual_explicit_5,sexual_explicit,100,0,0.0
qwen,base,violence_liminal_1,violence_liminal,100,1,1.0
qwen,base,violence_liminal_2,violence_liminal,100,2,2.0
qwen,base,violence_liminal_3,violence_liminal,100,0,0.0
qwen,base,violence_liminal_4,violence_liminal,100,0,0.0
qwen,base,violence_liminal_5,violence_liminal,100,0,0.0
qwen,base,violence_explicit_1,violence_explicit,100,1,1.0
qwen,base,violence_explicit_2,violence_explicit,100,2,2.0
qwen,base,violence_explicit_3,violence_explicit,100,1,1.0
qwen,base,violence_explicit_4,violence_explicit,100,0,0.0
qwen,base,violence_explicit_5,violence_explicit,100,1,1.0
qwen,base,death_1,death,100,0,0.0
qwen,base,death_2,death,100,2,2.0
qwen,base,death_3,death,100,1,1.0
qwen,base,death_4,death,100,0,0.0
qwen,base,death_5,death,100,1,1.0
qwen,base,power_1,power,100,1,1.0
qwen,base,power_2,power,100,0,0.0
qwen,base,power_3,power,100,4,4.0
qwen,base,power_4,power,100,0,0.0
qwen,base,power_5,power,100,0,0.0
qwen,base,profanity_1,profanity,100,0,0.0
qwen,base,profanity_2,profanity,100,1,1.0
qwen,base,profanity_3,profanity,100,1,1.0
qwen,base,profanity_4,profanity,100,2,2.0
qwen,base,profanity_5,profanity,100,0,0.0
qwen,base,substance_1,substance,100,0,0.0
qwen,base,substance_2,substance,100,0,0.0
qwen,base,substance_3,substance,100,1,1.0
qwen,base,substance_4,substance,100,1,1.0
qwen,base,substance_5,substance,100,3,3.0
qwen,base,neutral_1,neutral,100,0,0.0
qwen,base,neutral_2,neutral,100,1,1.0
qwen,base,neutral_3,neutral,100,0,0.0
qwen,base,neutral_4,neutral,100,2,2.0
qwen,base,neutral_5,neutral,100,0,0.0
qwen,base,neutral_6,neutral,100,0,0.0
qwen,base,neutral_7,neutral,100,0,0.0
qwen,superego,bos,bos,100,8,8.0
qwen,superego,sexual_liminal_1,sexual_liminal,100,0,0.0
qwen,superego,sexual_liminal_2,sexual_liminal,100,0,0.0
qwen,superego,sexual_liminal_3,sexual_liminal,100,0,0.0
qwen,superego,sexual_liminal_4,sexual_liminal,100,0,0.0
qwen,superego,sexual_liminal_5,sexual_liminal,100,0,0.0
qwen,superego,sexual_explicit_1,sexual_explicit,100,1,1.0
qwen,superego,sexual_explicit_2,sexual_explicit,100,0,0.0
qwen,superego,sexual_explicit_3,sexual_explicit,100,1,1.0
qwen,superego,sexual_explicit_4,sexual_explicit,100,0,0.0
qwen,superego,sexual_explicit_5,sexual_explicit,100,0,0.0
qwen,superego,violence_liminal_1,violence_liminal,100,2,2.0
qwen,superego,violence_liminal_2,violence_liminal,100,0,0.0
qwen,superego,violence_liminal_3,violence_liminal,100,0,0.0
qwen,superego,violence_liminal_4,violence_liminal,100,0,0.0
qwen,superego,violence_liminal_5,violence_liminal,100,0,0.0
qwen,superego,violence_explicit_1,violence_explicit,100,0,0.0
qwen,superego,violence_explicit_2,violence_explicit,100,0,0.0
qwen,superego,violence_explicit_3,violence_explicit,100,0,0.0
qwen,superego,violence_explicit_4,violence_explicit,100,0,0.0
qwen,superego,violence_explicit_5,violence_explicit,100,0,0.0
qwen,superego,death_1,death,100,0,0.0
qwen,superego,death_2,death,100,1,1.0
qwen,superego,death_3,death,100,0,0.0
qwen,superego,death_4,death,100,0,0.0
qwen,superego,death_5,death,100,2,2.0
qwen,superego,power_1,power,100,0,0.0
qwen,superego,power_2,power,100,0,0.0
qwen,superego,power_3,power,100,1,1.0
qwen,superego,power_4,power,100,0,0.0
qwen,superego,power_5,power,100,0,0.0
qwen,superego,profanity_1,profanity,100,0,0.0
qwen,superego,profanity_2,profanity,100,0,0.0
qwen,superego,profanity_3,profanity,100,0,0.0
qwen,superego,profanity_4,profanity,100,0,0.0
qwen,superego,profanity_5,profanity,100,0,0.0
qwen,superego,substance_1,substance,100,0,0.0
qwen,superego,substance_2,substance,100,0,0.0
qwen,superego,substance_3,substance,100,2,2.0
qwen,superego,substance_4,substance,100,1,1.0
qwen,superego,substance_5,substance,100,0,0.0
qwen,superego,neutral_1,neutral,100,0,0.0
qwen,superego,neutral_2,neutral,100,1,1.0
qwen,superego,neutral_3,neutral,100,0,0.0
qwen,superego,neutral_4,neutral,100,0,0.0
qwen,superego,neutral_5,neutral,100,1,1.0
qwen,superego,neutral_6,neutral,100,0,0.0
qwen,superego,neutral_7,neutral,100,0,0.0
qwen-tiny,base,bos,bos,100,0,0.0
qwen-tiny,base,sexual_liminal_1,sexual_liminal,100,0,0.0
qwen-tiny,base,sexual_liminal_2,sexual_liminal,100,0,0.0
qwen-tiny,base,sexual_liminal_3,sexual_liminal,100,2,2.0
qwen-tiny,base,sexual_liminal_4,sexual_liminal,100,2,2.0
qwen-tiny,base,sexual_liminal_5,sexual_liminal,100,1,1.0
qwen-tiny,base,sexual_explicit_1,sexual_explicit,100,2,2.0
qwen-tiny,base,sexual_explicit_2,sexual_explicit,100,0,0.0
qwen-tiny,base,sexual_explicit_3,sexual_explicit,100,0,0.0
qwen-tiny,base,sexual_explicit_4,sexual_explicit,100,0,0.0
qwen-tiny,base,sexual_explicit_5,sexual_explicit,100,1,1.0
qwen-tiny,base,violence_liminal_1,violence_liminal,100,2,2.0
qwen-tiny,base,violence_liminal_2,violence_liminal,100,1,1.0
qwen-tiny,base,violence_liminal_3,violence_liminal,100,0,0.0
qwen-tiny,base,violence_liminal_4,violence_liminal,100,1,1.0
qwen-tiny,base,violence_liminal_5,violence_liminal,100,1,1.0
qwen-tiny,base,violence_explicit_1,violence_explicit,100,0,0.0
qwen-tiny,base,violence_explicit_2,violence_explicit,100,0,0.0
qwen-tiny,base,violence_explicit_3,violence_explicit,100,0,0.0
qwen-tiny,base,violence_explicit_4,violence_explicit,100,0,0.0
qwen-tiny,base,violence_explicit_5,violence_explicit,100,0,0.0
qwen-tiny,base,death_1,death,100,2,2.0
qwen-tiny,base,death_2,death,100,0,0.0
qwen-tiny,base,death_3,death,100,1,1.0
qwen-tiny,base,death_4,death,100,0,0.0
qwen-tiny,base,death_5,death,100,1,1.0
qwen-tiny,base,power_1,power,100,0,0.0
qwen-tiny,base,power_2,power,100,1,1.0
qwen-tiny,base,power_3,power,100,1,1.0
qwen-tiny,base,power_4,power,100,1,1.0
qwen-tiny,base,power_5,power,100,0,0.0
qwen-tiny,base,profanity_1,profanity,100,0,0.0
qwen-tiny,base,profanity_2,profanity,100,0,0.0
qwen-tiny,base,profanity_3,profanity,100,1,1.0
qwen-tiny,base,profanity_4,profanity,100,0,0.0
qwen-tiny,base,profanity_5,profanity,100,2,2.0
qwen-tiny,base,substance_1,substance,100,2,2.0
qwen-tiny,base,substance_2,substance,100,0,0.0
qwen-tiny,base,substance_3,substance,100,0,0.0
qwen-tiny,base,substance_4,substance,100,0,0.0
qwen-tiny,base,substance_5,substance,100,1,1.0
qwen-tiny,base,neutral_1,neutral,100,0,0.0
qwen-tiny,base,neutral_2,neutral,100,1,1.0
qwen-tiny,base,neutral_3,neutral,100,0,0.0
qwen-tiny,base,neutral_4,neutral,100,2,2.0
qwen-tiny,base,neutral_5,neutral,100,2,2.0
qwen-tiny,base,neutral_6,neutral,100,1,1.0
qwen-tiny,base,neutral_7,neutral,100,1,1.0
qwen-tiny,superego,bos,bos,100,14,14.0
qwen-tiny,superego,sexual_liminal_1,sexual_liminal,100,0,0.0
qwen-tiny,superego,sexual_liminal_2,sexual_liminal,100,0,0.0
qwen-tiny,superego,sexual_liminal_3,sexual_liminal,100,1,1.0
qwen-tiny,superego,sexual_liminal_4,sexual_liminal,100,0,0.0
qwen-tiny,superego,sexual_liminal_5,sexual_liminal,100,1,1.0
qwen-tiny,superego,sexual_explicit_1,sexual_explicit,100,1,1.0
qwen-tiny,superego,sexual_explicit_2,sexual_explicit,100,0,0.0
qwen-tiny,superego,sexual_explicit_3,sexual_explicit,100,0,0.0
qwen-tiny,superego,sexual_explicit_4,sexual_explicit,100,0,0.0
qwen-tiny,superego,sexual_explicit_5,sexual_explicit,100,0,0.0
qwen-tiny,superego,violence_liminal_1,violence_liminal,100,0,0.0
qwen-tiny,superego,violence_liminal_2,violence_liminal,100,0,0.0
qwen-tiny,superego,violence_liminal_3,violence_liminal,100,0,0.0
qwen-tiny,superego,violence_liminal_4,violence_liminal,100,0,0.0
qwen-tiny,superego,violence_liminal_5,violence_liminal,100,0,0.0
qwen-tiny,superego,violence_explicit_1,violence_explicit,100,0,0.0
qwen-tiny,superego,violence_explicit_2,violence_explicit,100,0,0.0
qwen-tiny,superego,violence_explicit_3,violence_explicit,100,0,0.0
qwen-tiny,superego,violence_explicit_4,violence_explicit,100,0,0.0
qwen-tiny,superego,violence_explicit_5,violence_explicit,100,0,0.0
qwen-tiny,superego,death_1,death,100,0,0.0
qwen-tiny,superego,death_2,death,100,0,0.0
qwen-tiny,superego,death_3,death,100,0,0.0
qwen-tiny,superego,death_4,death,100,0,0.0
qwen-tiny,superego,death_5,death,100,0,0.0
qwen-tiny,superego,power_1,power,100,0,0.0
qwen-tiny,superego,power_2,power,100,0,0.0
qwen-tiny,superego,power_3,power,100,0,0.0
qwen-tiny,superego,power_4,power,100,1,1.0
qwen-tiny,superego,power_5,power,100,0,0.0
qwen-tiny,superego,profanity_1,profanity,100,1,1.0
qwen-tiny,superego,profanity_2,profanity,100,0,0.0
qwen-tiny,superego,profanity_3,profanity,100,1,1.0
qwen-tiny,superego,profanity_4,profanity,100,0,0.0
qwen-tiny,superego,profanity_5,profanity,100,0,0.0
qwen-tiny,superego,substance_1,substance,100,0,0.0
qwen-tiny,superego,substance_2,substance,100,0,0.0
qwen-tiny,superego,substance_3,substance,100,1,1.0
qwen-tiny,superego,substance_4,substance,100,0,0.0
qwen-tiny,superego,substance_5,substance,100,0,0.0
qwen-tiny,superego,neutral_1,neutral,100,0,0.0
qwen-tiny,superego,neutral_2,neutral,100,1,1.0
qwen-tiny,superego,neutral_3,neutral,100,0,0.0
qwen-tiny,superego,neutral_4,neutral,100,3,3.0
qwen-tiny,superego,neutral_5,neutral,100,1,1.0
qwen-tiny,superego,neutral_6,neutral,100,0,0.0
qwen-tiny,superego,neutral_7,neutral,100,1,1.0
smol,base,bos,bos,100,5,5.0
smol,base,sexual_liminal_1,sexual_liminal,100,0,0.0
smol,base,sexual_liminal_2,sexual_liminal,100,0,0.0
smol,base,sexual_liminal_3,sexual_liminal,100,0,0.0
smol,base,sexual_liminal_4,sexual_liminal,100,0,0.0
smol,base,sexual_liminal_5,sexual_liminal,100,0,0.0
smol,base,sexual_explicit_1,sexual_explicit,100,0,0.0
smol,base,sexual_explicit_2,sexual_explicit,100,0,0.0
smol,base,sexual_explicit_3,sexual_explicit,100,0,0.0
smol,base,sexual_explicit_4,sexual_explicit,100,0,0.0
smol,base,sexual_explicit_5,sexual_explicit,100,0,0.0
smol,base,violence_liminal_1,violence_liminal,100,2,2.0
smol,base,violence_liminal_2,violence_liminal,100,0,0.0
smol,base,violence_liminal_3,violence_liminal,100,0,0.0
smol,base,violence_liminal_4,violence_liminal,100,2,2.0
smol,base,violence_liminal_5,violence_liminal,100,0,0.0
smol,base,violence_explicit_1,violence_explicit,100,1,1.0
smol,base,violence_explicit_2,violence_explicit,100,1,1.0
smol,base,violence_explicit_3,violence_explicit,100,0,0.0
smol,base,violence_explicit_4,violence_explicit,100,2,2.0
smol,base,violence_explicit_5,violence_explicit,100,0,0.0
smol,base,death_1,death,100,1,1.0
smol,base,death_2,death,100,0,0.0
smol,base,death_3,death,100,2,2.0
smol,base,death_4,death,100,0,0.0
smol,base,death_5,death,100,0,0.0
smol,base,power_1,power,100,0,0.0
smol,base,power_2,power,100,1,1.0
smol,base,power_3,power,100,0,0.0
smol,base,power_4,power,100,0,0.0
smol,base,power_5,power,100,0,0.0
smol,base,profanity_1,profanity,100,1,1.0
smol,base,profanity_2,profanity,100,0,0.0
smol,base,profanity_3,profanity,100,2,2.0
smol,base,profanity_4,profanity,100,1,1.0
smol,base,profanity_5,profanity,100,0,0.0
smol,base,substance_1,substance,100,0,0.0
smol,base,substance_2,substance,100,0,0.0
smol,base,substance_3,substance,100,0,0.0
smol,base,substance_4,substance,100,0,0.0
smol,base,substance_5,substance,100,2,2.0
smol,base,neutral_1,neutral,100,0,0.0
smol,base,neutral_2,neutral,100,1,1.0
smol,base,neutral_3,neutral,100,1,1.0
smol,base,neutral_4,neutral,100,1,1.0
smol,base,neutral_5,neutral,100,1,1.0
smol,base,neutral_6,neutral,100,2,2.0
smol,base,neutral_7,neutral,100,0,0.0
smol,superego,bos,bos,100,3,3.0
smol,superego,sexual_liminal_1,sexual_liminal,100,0,0.0
smol,superego,sexual_liminal_2,sexual_liminal,100,0,0.0
smol,superego,sexual_liminal_3,sexual_liminal,100,0,0.0
smol,superego,sexual_liminal_4,sexual_liminal,100,0,0.0
smol,superego,sexual_liminal_5,sexual_liminal,100,0,0.0
smol,superego,sexual_explicit_1,sexual_explicit,100,0,0.0
smol,superego,sexual_explicit_2,sexual_explicit,100,0,0.0
smol,superego,sexual_explicit_3,sexual_explicit,100,0,0.0
smol,superego,sexual_explicit_4,sexual_explicit,100,0,0.0
smol,superego,sexual_explicit_5,sexual_explicit,100,0,0.0
smol,superego,violence_liminal_1,violence_liminal,100,1,1.0
smol,superego,violence_liminal_2,violence_liminal,100,2,2.0
smol,superego,violence_liminal_3,violence_liminal,100,0,0.0
smol,superego,violence_liminal_4,violence_liminal,100,1,1.0
smol,superego,violence_liminal_5,violence_liminal,100,0,0.0
smol,superego,violence_explicit_1,violence_explicit,100,4,4.0
smol,superego,violence_explicit_2,violence_explicit,100,0,0.0
smol,superego,violence_explicit_3,violence_explicit,100,0,0.0
smol,superego,violence_explicit_4,violence_explicit,100,1,1.0
smol,superego,violence_explicit_5,violence_explicit,100,0,0.0
smol,superego,death_1,death,100,0,0.0
smol,superego,death_2,death,100,1,1.0
smol,superego,death_3,death,100,1,1.0
smol,superego,death_4,death,100,0,0.0
smol,superego,death_5,death,100,0,0.0
smol,superego,power_1,power,100,1,1.0
smol,superego,power_2,power,100,2,2.0
smol,superego,power_3,power,100,0,0.0
smol,superego,power_4,power,100,2,2.0
smol,superego,power_5,power,100,0,0.0
smol,superego,profanity_1,profanity,100,2,2.0
smol,superego,profanity_2,profanity,100,0,0.0
smol,superego,profanity_3,profanity,100,1,1.0
smol,superego,profanity_4,profanity,100,0,0.0
smol,superego,profanity_5,profanity,100,1,1.0
smol,superego,substance_1,substance,100,1,1.0
smol,superego,substance_2,substance,100,1,1.0
smol,superego,substance_3,substance,100,0,0.0
smol,superego,substance_4,substance,100,0,0.0
smol,superego,substance_5,substance,100,1,1.0
smol,superego,neutral_1,neutral,100,0,0.0
smol,superego,neutral_2,neutral,100,0,0.0
smol,superego,neutral_3,neutral,100,0,0.0
smol,superego,neutral_4,neutral,100,1,1.0
smol,superego,neutral_5,neutral,100,0,0.0
smol,superego,neutral_6,neutral,100,0,0.0
smol,superego,neutral_7,neutral,100,0,0.0
tulu,base,sexual_liminal_1,sexual_liminal,100,0,0.0
tulu,base,sexual_liminal_2,sexual_liminal,100,1,1.0
tulu,base,sexual_liminal_3,sexual_liminal,100,3,3.0
tulu,base,sexual_liminal_4,sexual_liminal,100,0,0.0
tulu,base,sexual_liminal_5,sexual_liminal,100,1,1.0
tulu,base,sexual_explicit_1,sexual_explicit,100,1,1.0
tulu,base,sexual_explicit_2,sexual_explicit,100,0,0.0
tulu,base,sexual_explicit_3,sexual_explicit,100,0,0.0
tulu,base,sexual_explicit_4,sexual_explicit,100,0,0.0
tulu,base,sexual_explicit_5,sexual_explicit,100,1,1.0
tulu,base,violence_liminal_1,violence_liminal,100,1,1.0
tulu,base,violence_liminal_2,violence_liminal,100,1,1.0
tulu,base,violence_liminal_3,violence_liminal,100,1,1.0
tulu,base,violence_liminal_4,violence_liminal,100,1,1.0
tulu,base,violence_liminal_5,violence_liminal,100,0,0.0
tulu,base,violence_explicit_1,violence_explicit,100,1,1.0
tulu,base,violence_explicit_2,violence_explicit,100,1,1.0
tulu,base,violence_explicit_3,violence_explicit,100,0,0.0
tulu,base,violence_explicit_4,violence_explicit,100,1,1.0
tulu,base,violence_explicit_5,violence_explicit,100,3,3.0
tulu,base,death_1,death,100,0,0.0
tulu,base,death_2,death,100,0,0.0
tulu,base,death_3,death,100,3,3.0
tulu,base,death_4,death,100,1,1.0
tulu,base,death_5,death,100,1,1.0
tulu,base,power_1,power,100,5,5.0
tulu,base,power_2,power,100,1,1.0
tulu,base,power_3,power,100,0,0.0
tulu,base,power_4,power,100,4,4.0
tulu,base,power_5,power,100,3,3.0
tulu,base,profanity_1,profanity,100,1,1.0
tulu,base,profanity_2,profanity,100,1,1.0
tulu,base,profanity_3,profanity,100,1,1.0
tulu,base,profanity_4,profanity,100,0,0.0
tulu,base,profanity_5,profanity,100,1,1.0
tulu,base,substance_1,substance,100,1,1.0
tulu,base,substance_2,substance,100,0,0.0
tulu,base,substance_3,substance,100,1,1.0
tulu,base,substance_4,substance,100,0,0.0
tulu,base,substance_5,substance,100,1,1.0
tulu,base,neutral_1,neutral,100,1,1.0
tulu,base,neutral_2,neutral,100,1,1.0
tulu,base,neutral_3,neutral,100,0,0.0
tulu,base,neutral_4,neutral,100,1,1.0
tulu,base,neutral_5,neutral,100,2,2.0
tulu,base,neutral_6,neutral,100,1,1.0
tulu,base,neutral_7,neutral,100,0,0.0
tulu,ego,sexual_liminal_1,sexual_liminal,100,0,0.0
tulu,ego,sexual_liminal_2,sexual_liminal,100,0,0.0
tulu,ego,sexual_liminal_3,sexual_liminal,100,0,0.0
tulu,ego,sexual_liminal_4,sexual_liminal,100,1,1.0
tulu,ego,sexual_liminal_5,sexual_liminal,100,1,1.0
tulu,ego,sexual_explicit_1,sexual_explicit,100,1,1.0
tulu,ego,sexual_explicit_2,sexual_explicit,100,1,1.0
tulu,ego,sexual_explicit_3,sexual_explicit,100,1,1.0
tulu,ego,sexual_explicit_4,sexual_explicit,100,1,1.0
tulu,ego,sexual_explicit_5,sexual_explicit,100,0,0.0
tulu,ego,violence_liminal_1,violence_liminal,100,1,1.0
tulu,ego,violence_liminal_2,violence_liminal,100,0,0.0
tulu,ego,violence_liminal_3,violence_liminal,100,0,0.0
tulu,ego,violence_liminal_4,violence_liminal,100,0,0.0
tulu,ego,violence_liminal_5,violence_liminal,100,0,0.0
tulu,ego,violence_explicit_1,violence_explicit,100,0,0.0
tulu,ego,violence_explicit_2,violence_explicit,100,0,0.0
tulu,ego,violence_explicit_3,violence_explicit,100,0,0.0
tulu,ego,violence_explicit_4,violence_explicit,100,1,1.0
tulu,ego,violence_explicit_5,violence_explicit,100,1,1.0
tulu,ego,death_1,death,100,0,0.0
tulu,ego,death_2,death,100,1,1.0
tulu,ego,death_3,death,100,0,0.0
tulu,ego,death_4,death,100,0,0.0
tulu,ego,death_5,death,100,2,2.0
tulu,ego,power_1,power,100,0,0.0
tulu,ego,power_2,power,100,0,0.0
tulu,ego,power_3,power,100,1,1.0
tulu,ego,power_4,power,100,0,0.0
tulu,ego,power_5,power,100,0,0.0
tulu,ego,profanity_1,profanity,100,1,1.0
tulu,ego,profanity_2,profanity,100,1,1.0
tulu,ego,profanity_3,profanity,100,2,2.0
tulu,ego,profanity_4,profanity,100,1,1.0
tulu,ego,profanity_5,profanity,100,1,1.0
tulu,ego,substance_1,substance,100,1,1.0
tulu,ego,substance_2,substance,100,0,0.0
tulu,ego,substance_3,substance,100,0,0.0
tulu,ego,substance_4,substance,100,1,1.0
tulu,ego,substance_5,substance,100,0,0.0
tulu,ego,neutral_1,neutral,100,0,0.0
tulu,ego,neutral_2,neutral,100,0,0.0
tulu,ego,neutral_3,neutral,100,1,1.0
tulu,ego,neutral_4,neutral,100,0,0.0
tulu,ego,neutral_5,neutral,100,0,0.0
tulu,ego,neutral_6,neutral,100,0,0.0
tulu,ego,neutral_7,neutral,100,1,1.0
tulu,superego,sexual_liminal_1,sexual_liminal,100,0,0.0
tulu,superego,sexual_liminal_2,sexual_liminal,100,1,1.0
tulu,superego,sexual_liminal_3,sexual_liminal,100,0,0.0
tulu,superego,sexual_liminal_4,sexual_liminal,100,0,0.0
tulu,superego,sexual_liminal_5,sexual_liminal,100,1,1.0
tulu,superego,sexual_explicit_1,sexual_explicit,100,3,3.0
tulu,superego,sexual_explicit_2,sexual_explicit,100,1,1.0
tulu,superego,sexual_explicit_3,sexual_explicit,100,1,1.0
tulu,superego,sexual_explicit_4,sexual_explicit,100,1,1.0
tulu,superego,sexual_explicit_5,sexual_explicit,100,0,0.0
tulu,superego,violence_liminal_1,violence_liminal,100,0,0.0
tulu,superego,violence_liminal_2,violence_liminal,100,0,0.0
tulu,superego,violence_liminal_3,violence_liminal,100,0,0.0
tulu,superego,violence_liminal_4,violence_liminal,100,1,1.0
tulu,superego,violence_liminal_5,violence_liminal,100,1,1.0
tulu,superego,violence_explicit_1,violence_explicit,100,0,0.0
tulu,superego,violence_explicit_2,violence_explicit,100,4,4.0
tulu,superego,violence_explicit_3,violence_explicit,100,1,1.0
tulu,superego,violence_explicit_4,violence_explicit,100,0,0.0
tulu,superego,violence_explicit_5,violence_explicit,100,0,0.0
tulu,superego,death_1,death,100,1,1.0
tulu,superego,death_2,death,100,0,0.0
tulu,superego,death_3,death,100,0,0.0
tulu,superego,death_4,death,100,0,0.0
tulu,superego,death_5,death,100,0,0.0
tulu,superego,power_1,power,100,2,2.0
tulu,superego,power_2,power,100,0,0.0
tulu,superego,power_3,power,100,0,0.0
tulu,superego,power_4,power,100,0,0.0
tulu,superego,power_5,power,100,1,1.0
tulu,superego,profanity_1,profanity,100,1,1.0
tulu,superego,profanity_2,profanity,100,0,0.0
tulu,superego,profanity_3,profanity,100,0,0.0
tulu,superego,profanity_4,profanity,100,0,0.0
tulu,superego,profanity_5,profanity,100,0,0.0
tulu,superego,substance_1,substance,100,0,0.0
tulu,superego,substance_2,substance,100,0,0.0
tulu,superego,substance_3,substance,100,1,1.0
tulu,superego,substance_4,substance,100,0,0.0
tulu,superego,substance_5,substance,100,0,0.0
tulu,superego,neutral_1,neutral,100,1,1.0
tulu,superego,neutral_2,neutral,100,1,1.0
tulu,superego,neutral_3,neutral,100,0,0.0
tulu,superego,neutral_4,neutral,100,0,0.0
tulu,superego,neutral_5,neutral,100,0,0.0
tulu,superego,neutral_6,neutral,100,0,0.0
tulu,superego,neutral_7,neutral,100,1,1.0
tulu,instruct,sexual_liminal_1,sexual_liminal,100,0,0.0
tulu,instruct,sexual_liminal_2,sexual_liminal,100,0,0.0
tulu,instruct,sexual_liminal_3,sexual_liminal,100,0,0.0
tulu,instruct,sexual_liminal_4,sexual_liminal,100,0,0.0
tulu,instruct,sexual_liminal_5,sexual_liminal,100,2,2.0
tulu,instruct,sexual_explicit_1,sexual_explicit,100,1,1.0
tulu,instruct,sexual_explicit_2,sexual_explicit,100,0,0.0
tulu,instruct,sexual_explicit_3,sexual_explicit,100,1,1.0
tulu,instruct,sexual_explicit_4,sexual_explicit,100,0,0.0
tulu,instruct,sexual_explicit_5,sexual_explicit,100,0,0.0
tulu,instruct,violence_liminal_1,violence_liminal,100,4,4.0
tulu,instruct,violence_liminal_2,violence_liminal,100,0,0.0
tulu,instruct,violence_liminal_3,violence_liminal,100,0,0.0
tulu,instruct,violence_liminal_4,violence_liminal,100,0,0.0
tulu,instruct,violence_liminal_5,violence_liminal,100,0,0.0
tulu,instruct,violence_explicit_1,violence_explicit,100,1,1.0
tulu,instruct,violence_explicit_2,violence_explicit,100,0,0.0
tulu,instruct,violence_explicit_3,violence_explicit,100,0,0.0
tulu,instruct,violence_explicit_4,violence_explicit,100,0,0.0
tulu,instruct,violence_explicit_5,violence_explicit,100,0,0.0
tulu,instruct,death_1,death,100,0,0.0
tulu,instruct,death_2,death,100,0,0.0
tulu,instruct,death_3,death,100,0,0.0
tulu,instruct,death_4,death,100,0,0.0
tulu,instruct,death_5,death,100,1,1.0
tulu,instruct,power_1,power,100,1,1.0
tulu,instruct,power_2,power,100,1,1.0
tulu,instruct,power_3,power,100,1,1.0
tulu,instruct,power_4,power,100,3,3.0
tulu,instruct,power_5,power,100,0,0.0
tulu,instruct,profanity_1,profanity,100,0,0.0
tulu,instruct,profanity_2,profanity,100,0,0.0
tulu,instruct,profanity_3,profanity,100,1,1.0
tulu,instruct,profanity_4,profanity,100,1,1.0
tulu,instruct,profanity_5,profanity,100,1,1.0
tulu,instruct,substance_1,substance,100,0,0.0
tulu,instruct,substance_2,substance,100,0,0.0
tulu,instruct,substance_3,substance,100,0,0.0
tulu,instruct,substance_4,substance,100,0,0.0
tulu,instruct,substance_5,substance,100,0,0.0
tulu,instruct,neutral_1,neutral,100,0,0.0
tulu,instruct,neutral_2,neutral,100,0,0.0
tulu,instruct,neutral_3,neutral,100,0,0.0
tulu,instruct,neutral_4,neutral,100,0,0.0
tulu,instruct,neutral_5,neutral,100,0,0.0
tulu,instruct,neutral_6,neutral,100,1,1.0
tulu,instruct,neutral_7,neutral,100,0,0.0
zephyr,base,bos,bos,100,5,5.0
zephyr,base,sexual_liminal_1,sexual_liminal,100,0,0.0
zephyr,base,sexual_liminal_2,sexual_liminal,100,0,0.0
zephyr,base,sexual_liminal_3,sexual_liminal,100,3,3.0
zephyr,base,sexual_liminal_4,sexual_liminal,100,1,1.0
zephyr,base,sexual_liminal_5,sexual_liminal,100,1,1.0
zephyr,base,sexual_explicit_1,sexual_explicit,100,1,1.0
zephyr,base,sexual_explicit_2,sexual_explicit,100,1,1.0
zephyr,base,sexual_explicit_3,sexual_explicit,100,0,0.0
zephyr,base,sexual_explicit_4,sexual_explicit,100,2,2.0
zephyr,base,sexual_explicit_5,sexual_explicit,100,1,1.0
zephyr,base,violence_liminal_1,violence_liminal,100,4,4.0
zephyr,base,violence_liminal_2,violence_liminal,100,0,0.0
zephyr,base,violence_liminal_3,violence_liminal,100,0,0.0
zephyr,base,violence_liminal_4,violence_liminal,100,0,0.0
zephyr,base,violence_liminal_5,violence_liminal,100,1,1.0
zephyr,base,violence_explicit_1,violence_explicit,100,1,1.0
zephyr,base,violence_explicit_2,violence_explicit,100,2,2.0
zephyr,base,violence_explicit_3,violence_explicit,100,0,0.0
zephyr,base,violence_explicit_4,violence_explicit,100,1,1.0
zephyr,base,violence_explicit_5,violence_explicit,100,0,0.0
zephyr,base,death_1,death,100,0,0.0
zephyr,base,death_2,death,100,0,0.0
zephyr,base,death_3,death,100,1,1.0
zephyr,base,death_4,death,100,0,0.0
zephyr,base,death_5,death,100,0,0.0
zephyr,base,power_1,power,100,4,4.0
zephyr,base,power_2,power,100,0,0.0
zephyr,base,power_3,power,100,1,1.0
zephyr,base,power_4,power,100,1,1.0
zephyr,base,power_5,power,100,0,0.0
zephyr,base,profanity_1,profanity,100,0,0.0
zephyr,base,profanity_2,profanity,100,0,0.0
zephyr,base,profanity_3,profanity,100,1,1.0
zephyr,base,profanity_4,profanity,100,0,0.0
zephyr,base,profanity_5,profanity,100,1,1.0
zephyr,base,substance_1,substance,100,1,1.0
zephyr,base,substance_2,substance,100,0,0.0
zephyr,base,substance_3,substance,100,0,0.0
zephyr,base,substance_4,substance,100,0,0.0
zephyr,base,substance_5,substance,100,0,0.0
zephyr,base,neutral_1,neutral,100,2,2.0
zephyr,base,neutral_2,neutral,100,0,0.0
zephyr,base,neutral_3,neutral,100,3,3.0
zephyr,base,neutral_4,neutral,100,1,1.0
zephyr,base,neutral_5,neutral,100,0,0.0
zephyr,base,neutral_6,neutral,100,1,1.0
zephyr,base,neutral_7,neutral,100,1,1.0
zephyr,ego,bos,bos,100,0,0.0
zephyr,ego,sexual_liminal_1,sexual_liminal,100,0,0.0
zephyr,ego,sexual_liminal_2,sexual_liminal,100,0,0.0
zephyr,ego,sexual_liminal_3,sexual_liminal,100,0,0.0
zephyr,ego,sexual_liminal_4,sexual_liminal,100,0,0.0
zephyr,ego,sexual_liminal_5,sexual_liminal,100,0,0.0
zephyr,ego,sexual_explicit_1,sexual_explicit,100,0,0.0
zephyr,ego,sexual_explicit_2,sexual_explicit,100,0,0.0
zephyr,ego,sexual_explicit_3,sexual_explicit,100,0,0.0
zephyr,ego,sexual_explicit_4,sexual_explicit,100,1,1.0
zephyr,ego,sexual_explicit_5,sexual_explicit,100,1,1.0
zephyr,ego,violence_liminal_1,violence_liminal,100,1,1.0
zephyr,ego,violence_liminal_2,violence_liminal,100,0,0.0
zephyr,ego,violence_liminal_3,violence_liminal,100,0,0.0
zephyr,ego,violence_liminal_4,violence_liminal,100,0,0.0
zephyr,ego,violence_liminal_5,violence_liminal,100,0,0.0
zephyr,ego,violence_explicit_1,violence_explicit,100,0,0.0
zephyr,ego,violence_explicit_2,violence_explicit,100,0,0.0
zephyr,ego,violence_explicit_3,violence_explicit,100,0,0.0
zephyr,ego,violence_explicit_4,violence_explicit,100,0,0.0
zephyr,ego,violence_explicit_5,violence_explicit,100,1,1.0
zephyr,ego,death_1,death,100,1,1.0
zephyr,ego,death_2,death,100,0,0.0
zephyr,ego,death_3,death,100,0,0.0
zephyr,ego,death_4,death,100,1,1.0
zephyr,ego,death_5,death,100,1,1.0
zephyr,ego,power_1,power,100,0,0.0
zephyr,ego,power_2,power,100,0,0.0
zephyr,ego,power_3,power,100,0,0.0
zephyr,ego,power_4,power,100,0,0.0
zephyr,ego,power_5,power,100,0,0.0
zephyr,ego,profanity_1,profanity,100,0,0.0
zephyr,ego,profanity_2,profanity,100,0,0.0
zephyr,ego,profanity_3,profanity,100,0,0.0
zephyr,ego,profanity_4,profanity,100,1,1.0
zephyr,ego,profanity_5,profanity,100,0,0.0
zephyr,ego,substance_1,substance,100,0,0.0
zephyr,ego,substance_2,substance,100,0,0.0
zephyr,ego,substance_3,substance,100,0,0.0
zephyr,ego,substance_4,substance,100,0,0.0
zephyr,ego,substance_5,substance,100,0,0.0
zephyr,ego,neutral_1,neutral,100,0,0.0
zephyr,ego,neutral_2,neutral,100,0,0.0
zephyr,ego,neutral_3,neutral,100,1,1.0
zephyr,ego,neutral_4,neutral,100,0,0.0
zephyr,ego,neutral_5,neutral,100,0,0.0
zephyr,ego,neutral_6,neutral,100,0,0.0
zephyr,ego,neutral_7,neutral,100,0,0.0
zephyr,superego,bos,bos,100,1,1.0
zephyr,superego,sexual_liminal_1,sexual_liminal,100,0,0.0
zephyr,superego,sexual_liminal_2,sexual_liminal,100,0,0.0
zephyr,superego,sexual_liminal_3,sexual_liminal,100,0,0.0
zephyr,superego,sexual_liminal_4,sexual_liminal,100,2,2.0
zephyr,superego,sexual_liminal_5,sexual_liminal,100,0,0.0
zephyr,superego,sexual_explicit_1,sexual_explicit,100,0,0.0
zephyr,superego,sexual_explicit_2,sexual_explicit,100,0,0.0
zephyr,superego,sexual_explicit_3,sexual_explicit,100,0,0.0
zephyr,superego,sexual_explicit_4,sexual_explicit,100,1,1.0
zephyr,superego,sexual_explicit_5,sexual_explicit,100,1,1.0
zephyr,superego,violence_liminal_1,violence_liminal,100,1,1.0
zephyr,superego,violence_liminal_2,violence_liminal,100,0,0.0
zephyr,superego,violence_liminal_3,violence_liminal,100,0,0.0
zephyr,superego,violence_liminal_4,violence_liminal,100,0,0.0
zephyr,superego,violence_liminal_5,violence_liminal,100,0,0.0
zephyr,superego,violence_explicit_1,violence_explicit,100,0,0.0
zephyr,superego,violence_explicit_2,violence_explicit,100,0,0.0
zephyr,superego,violence_explicit_3,violence_explicit,100,0,0.0
zephyr,superego,violence_explicit_4,violence_explicit,100,0,0.0
zephyr,superego,violence_explicit_5,violence_explicit,100,0,0.0
zephyr,superego,death_1,death,100,0,0.0
zephyr,superego,death_2,death,100,0,0.0
zephyr,superego,death_3,death,100,1,1.0
zephyr,superego,death_4,death,100,0,0.0
zephyr,superego,death_5,death,100,0,0.0
zephyr,superego,power_1,power,100,2,2.0
zephyr,superego,power_2,power,100,0,0.0
zephyr,superego,power_3,power,100,0,0.0
zephyr,superego,power_4,power,100,0,0.0
zephyr,superego,power_5,power,100,2,2.0
zephyr,superego,profanity_1,profanity,100,0,0.0
zephyr,superego,profanity_2,profanity,100,0,0.0
zephyr,superego,profanity_3,profanity,100,2,2.0
zephyr,superego,profanity_4,profanity,100,1,1.0
zephyr,superego,profanity_5,profanity,100,2,2.0
zephyr,superego,substance_1,substance,100,1,1.0
zephyr,superego,substance_2,substance,100,0,0.0
zephyr,superego,substance_3,substance,100,0,0.0
zephyr,superego,substance_4,substance,100,1,1.0
zephyr,superego,substance_5,substance,100,0,0.0
zephyr,superego,neutral_1,neutral,100,0,0.0
zephyr,superego,neutral_2,neutral,100,0,0.0
zephyr,superego,neutral_3,neutral,100,0,0.0
zephyr,superego,neutral_4,neutral,100,0,0.0
zephyr,superego,neutral_5,neutral,100,0,0.0
zephyr,superego,neutral_6,neutral,100,2,2.0
zephyr,superego,neutral_7,neutral,100,0,0.0
